[
  {
    "model": "organizacoes.organizacao",
    "pk": "11111111-1111-1111-1111-111111111111",
    "fields": {
      "nome": "CDL FLORIANOPOLIS",
      "cnpj": "00.000.000/0001-91",
      "slug": "cdl-florianopolis",
      "tipo": "ong",
      "cidade": "Florianópolis",
      "estado": "SC",
      "created_by": 2
    }
  },
  {
    "model": "organizacoes.organizacao",
    "pk": "22222222-2222-2222-2222-222222222222",
    "fields": {
      "nome": "CDL BLUMENAU",
      "cnpj": "00.000.000/0002-72",
      "slug": "cdl-blumenau",
      "tipo": "ong",
      "cidade": "Blumenau",
      "estado": "SC",
      "created_by": 3
    }
  },
  {
    "model": "nucleos.nucleo",
    "pk": "aaaaaaaa-1111-1111-1111-111111111111",
    "fields": {
      "organizacao": "11111111-1111-1111-1111-111111111111",
      "nome": "NUCLEO DA MULHER",
      "slug": "nucleo-da-mulher",
      "descricao": "",
      "ativo": true,
      "mensalidade": "30.00"
    }
  },
  {
    "model": "nucleos.nucleo",
    "pk": "bbbbbbbb-1111-1111-1111-111111111111",
    "fields": {
      "organizacao": "11111111-1111-1111-1111-111111111111",
      "nome": "NUCLEO DE TECNOLOGIA",
      "slug": "nucleo-de-tecnologia",
      "descricao": "",
      "ativo": true,
      "mensalidade": "30.00"
    }
  },
  {
    "model": "nucleos.nucleo",
    "pk": "aaaaaaaa-2222-2222-2222-222222222222",
    "fields": {
      "organizacao": "22222222-2222-2222-2222-222222222222",
      "nome": "NUCLEO DA MULHER",
      "slug": "nucleo-da-mulher",
      "descricao": "",
      "ativo": true,
      "mensalidade": "30.00"
    }
  },
  {
    "model": "nucleos.nucleo",
    "pk": "bbbbbbbb-2222-2222-2222-222222222222",
    "fields": {
      "organizacao": "22222222-2222-2222-2222-222222222222",
      "nome": "NUCLEO DE TECNOLOGIA",
      "slug": "nucleo-de-tecnologia",
      "descricao": "",
      "ativo": true,
      "mensalidade": "30.00"
    }
  },
  {
    "model": "accounts.user",
    "pk": 1,
    "fields": {
      "password": "pbkdf2_sha256$1000000$LFgSl2QqiV24PYKzJtnNq5$rooDyfbE2dc25ig2PsH4vzR6tL5YcFWVmiZXAJ+rduo=",
      "last_login": null,
      "is_superuser": true,
      "username": "root",
      "first_name": "Root",
      "last_name": "User",
      "email": "root@hubx.com.br",
      "is_staff": true,
      "is_active": true,
      "date_joined": "2024-01-01T00:00:00Z",
      "user_type": "root",
      "organizacao": "11111111-1111-1111-1111-111111111111",
      "is_associado": false,
      "is_coordenador": false,
      "nucleo": null,
      "groups": [],
      "user_permissions": []
    }
  },
  {
    "model": "accounts.user",
    "pk": 2,
    "fields": {
      "password": "pbkdf2_sha256$1000000$LFgSl2QqiV24PYKzJtnNq5$rooDyfbE2dc25ig2PsH4vzR6tL5YcFWVmiZXAJ+rduo=",
      "last_login": null,
      "is_superuser": false,
      "username": "admin1",
      "first_name": "Admin",
      "last_name": "One",
      "email": "admin1@hubx.com.br",
      "is_staff": true,
      "is_active": true,
      "date_joined": "2024-01-01T00:00:00Z",
      "user_type": "admin",
      "organizacao": "11111111-1111-1111-1111-111111111111",
      "is_associado": false,
      "is_coordenador": false,
      "nucleo": null,
      "groups": [],
      "user_permissions": []
    }
  },
  {
    "model": "accounts.user",
    "pk": 3,
    "fields": {
      "password": "pbkdf2_sha256$1000000$LFgSl2QqiV24PYKzJtnNq5$rooDyfbE2dc25ig2PsH4vzR6tL5YcFWVmiZXAJ+rduo=",
      "last_login": null,
      "is_superuser": false,
      "username": "admin2",
      "first_name": "Admin",
      "last_name": "Two",
      "email": "admin2@hubx.com.br",
      "is_staff": true,
      "is_active": true,
      "date_joined": "2024-01-01T00:00:00Z",
      "user_type": "admin",
      "organizacao": "22222222-2222-2222-2222-222222222222",
      "is_associado": false,
      "is_coordenador": false,
      "nucleo": null,
      "groups": [],
      "user_permissions": []
    }
  },
  {
    "model": "accounts.user",
    "pk": 4,
    "fields": {
      "password": "pbkdf2_sha256$1000000$LFgSl2QqiV24PYKzJtnNq5$rooDyfbE2dc25ig2PsH4vzR6tL5YcFWVmiZXAJ+rduo=",
      "last_login": null,
      "is_superuser": false,
      "username": "assoc1",
      "first_name": "Associado",
      "last_name": "1",
      "email": "assoc1@floripa.com",
      "is_staff": false,
      "is_active": true,
      "date_joined": "2024-01-01T00:00:00Z",
      "user_type": "associado",
      "organizacao": "11111111-1111-1111-1111-111111111111",
      "is_associado": true,
      "is_coordenador": false,
      "nucleo": null,
      "groups": [],
      "user_permissions": []
    }
  },
  {
    "model": "accounts.user",
    "pk": 5,
    "fields": {
      "password": "pbkdf2_sha256$1000000$LFgSl2QqiV24PYKzJtnNq5$rooDyfbE2dc25ig2PsH4vzR6tL5YcFWVmiZXAJ+rduo=",
      "last_login": null,
      "is_superuser": false,
      "username": "assoc2",
      "first_name": "Associado",
      "last_name": "2",
      "email": "assoc2@floripa.com",
      "is_staff": false,
      "is_active": true,
      "date_joined": "2024-01-01T00:00:00Z",
      "user_type": "associado",
      "organizacao": "11111111-1111-1111-1111-111111111111",
      "is_associado": true,
      "is_coordenador": false,
      "nucleo": null,
      "groups": [],
      "user_permissions": []
    }
  },
  {
    "model": "accounts.user",
    "pk": 6,
    "fields": {
      "password": "pbkdf2_sha256$1000000$LFgSl2QqiV24PYKzJtnNq5$rooDyfbE2dc25ig2PsH4vzR6tL5YcFWVmiZXAJ+rduo=",
      "last_login": null,
      "is_superuser": false,
      "username": "assoc3",
      "first_name": "Associado",
      "last_name": "3",
      "email": "assoc3@floripa.com",
      "is_staff": false,
      "is_active": true,
      "date_joined": "2024-01-01T00:00:00Z",
      "user_type": "associado",
      "organizacao": "11111111-1111-1111-1111-111111111111",
      "is_associado": true,
      "is_coordenador": false,
      "nucleo": null,
      "groups": [],
      "user_permissions": []
    }
  },
  {
    "model": "accounts.user",
    "pk": 7,
    "fields": {
      "password": "pbkdf2_sha256$1000000$LFgSl2QqiV24PYKzJtnNq5$rooDyfbE2dc25ig2PsH4vzR6tL5YcFWVmiZXAJ+rduo=",
      "last_login": null,
      "is_superuser": false,
      "username": "assoc4",
      "first_name": "Associado",
      "last_name": "4",
      "email": "assoc4@floripa.com",
      "is_staff": false,
      "is_active": true,
      "date_joined": "2024-01-01T00:00:00Z",
      "user_type": "associado",
      "organizacao": "11111111-1111-1111-1111-111111111111",
      "is_associado": true,
      "is_coordenador": false,
      "nucleo": null,
      "groups": [],
      "user_permissions": []
    }
  },
  {
    "model": "accounts.user",
    "pk": 8,
    "fields": {
      "password": "pbkdf2_sha256$1000000$LFgSl2QqiV24PYKzJtnNq5$rooDyfbE2dc25ig2PsH4vzR6tL5YcFWVmiZXAJ+rduo=",
      "last_login": null,
      "is_superuser": false,
      "username": "assoc5",
      "first_name": "Associado",
      "last_name": "5",
      "email": "assoc5@floripa.com",
      "is_staff": false,
      "is_active": true,
      "date_joined": "2024-01-01T00:00:00Z",
      "user_type": "associado",
      "organizacao": "11111111-1111-1111-1111-111111111111",
      "is_associado": true,
      "is_coordenador": false,
      "nucleo": null,
      "groups": [],
      "user_permissions": []
    }
  },
  {
    "model": "accounts.user",
    "pk": 9,
    "fields": {
      "password": "pbkdf2_sha256$1000000$LFgSl2QqiV24PYKzJtnNq5$rooDyfbE2dc25ig2PsH4vzR6tL5YcFWVmiZXAJ+rduo=",
      "last_login": null,
      "is_superuser": false,
      "username": "assoc6",
      "first_name": "Associado",
      "last_name": "6",
      "email": "assoc6@floripa.com",
      "is_staff": false,
      "is_active": true,
      "date_joined": "2024-01-01T00:00:00Z",
      "user_type": "associado",
      "organizacao": "11111111-1111-1111-1111-111111111111",
      "is_associado": true,
      "is_coordenador": false,
      "nucleo": null,
      "groups": [],
      "user_permissions": []
    }
  },
  {
    "model": "accounts.user",
    "pk": 10,
    "fields": {
      "password": "pbkdf2_sha256$1000000$LFgSl2QqiV24PYKzJtnNq5$rooDyfbE2dc25ig2PsH4vzR6tL5YcFWVmiZXAJ+rduo=",
      "last_login": null,
      "is_superuser": false,
      "username": "assoc7",
      "first_name": "Associado",
      "last_name": "7",
      "email": "assoc7@floripa.com",
      "is_staff": false,
      "is_active": true,
      "date_joined": "2024-01-01T00:00:00Z",
      "user_type": "associado",
      "organizacao": "11111111-1111-1111-1111-111111111111",
      "is_associado": true,
      "is_coordenador": false,
      "nucleo": null,
      "groups": [],
      "user_permissions": []
    }
  },
  {
    "model": "accounts.user",
    "pk": 11,
    "fields": {
      "password": "pbkdf2_sha256$1000000$LFgSl2QqiV24PYKzJtnNq5$rooDyfbE2dc25ig2PsH4vzR6tL5YcFWVmiZXAJ+rduo=",
      "last_login": null,
      "is_superuser": false,
      "username": "assoc8",
      "first_name": "Associado",
      "last_name": "8",
      "email": "assoc8@floripa.com",
      "is_staff": false,
      "is_active": true,
      "date_joined": "2024-01-01T00:00:00Z",
      "user_type": "associado",
      "organizacao": "11111111-1111-1111-1111-111111111111",
      "is_associado": true,
      "is_coordenador": false,
      "nucleo": null,
      "groups": [],
      "user_permissions": []
    }
  },
  {
    "model": "accounts.user",
    "pk": 12,
    "fields": {
      "password": "pbkdf2_sha256$1000000$LFgSl2QqiV24PYKzJtnNq5$rooDyfbE2dc25ig2PsH4vzR6tL5YcFWVmiZXAJ+rduo=",
      "last_login": null,
      "is_superuser": false,
      "username": "assoc9",
      "first_name": "Associado",
      "last_name": "9",
      "email": "assoc9@floripa.com",
      "is_staff": false,
      "is_active": true,
      "date_joined": "2024-01-01T00:00:00Z",
      "user_type": "associado",
      "organizacao": "11111111-1111-1111-1111-111111111111",
      "is_associado": true,
      "is_coordenador": false,
      "nucleo": null,
      "groups": [],
      "user_permissions": []
    }
  },
  {
    "model": "accounts.user",
    "pk": 13,
    "fields": {
      "password": "pbkdf2_sha256$1000000$LFgSl2QqiV24PYKzJtnNq5$rooDyfbE2dc25ig2PsH4vzR6tL5YcFWVmiZXAJ+rduo=",
      "last_login": null,
      "is_superuser": false,
      "username": "assoc10",
      "first_name": "Associado",
      "last_name": "10",
      "email": "assoc10@floripa.com",
      "is_staff": false,
      "is_active": true,
      "date_joined": "2024-01-01T00:00:00Z",
      "user_type": "associado",
      "organizacao": "11111111-1111-1111-1111-111111111111",
      "is_associado": true,
      "is_coordenador": false,
      "nucleo": null,
      "groups": [],
      "user_permissions": []
    }
  },
  {
    "model": "accounts.user",
    "pk": 14,
    "fields": {
      "password": "pbkdf2_sha256$1000000$LFgSl2QqiV24PYKzJtnNq5$rooDyfbE2dc25ig2PsH4vzR6tL5YcFWVmiZXAJ+rduo=",
      "last_login": null,
      "is_superuser": false,
      "username": "assoc1_b",
      "first_name": "Associado",
      "last_name": "1",
      "email": "assoc1@blumenau.com",
      "is_staff": false,
      "is_active": true,
      "date_joined": "2024-01-01T00:00:00Z",
      "user_type": "associado",
      "organizacao": "22222222-2222-2222-2222-222222222222",
      "is_associado": true,
      "is_coordenador": false,
      "nucleo": null,
      "groups": [],
      "user_permissions": []
    }
  },
  {
    "model": "accounts.user",
    "pk": 15,
    "fields": {
      "password": "pbkdf2_sha256$1000000$LFgSl2QqiV24PYKzJtnNq5$rooDyfbE2dc25ig2PsH4vzR6tL5YcFWVmiZXAJ+rduo=",
      "last_login": null,
      "is_superuser": false,
      "username": "assoc2_b",
      "first_name": "Associado",
      "last_name": "2",
      "email": "assoc2@blumenau.com",
      "is_staff": false,
      "is_active": true,
      "date_joined": "2024-01-01T00:00:00Z",
      "user_type": "associado",
      "organizacao": "22222222-2222-2222-2222-222222222222",
      "is_associado": true,
      "is_coordenador": false,
      "nucleo": null,
      "groups": [],
      "user_permissions": []
    }
  },
  {
    "model": "accounts.user",
    "pk": 16,
    "fields": {
      "password": "pbkdf2_sha256$1000000$LFgSl2QqiV24PYKzJtnNq5$rooDyfbE2dc25ig2PsH4vzR6tL5YcFWVmiZXAJ+rduo=",
      "last_login": null,
      "is_superuser": false,
      "username": "assoc3_b",
      "first_name": "Associado",
      "last_name": "3",
      "email": "assoc3@blumenau.com",
      "is_staff": false,
      "is_active": true,
      "date_joined": "2024-01-01T00:00:00Z",
      "user_type": "associado",
      "organizacao": "22222222-2222-2222-2222-222222222222",
      "is_associado": true,
      "is_coordenador": false,
      "nucleo": null,
      "groups": [],
      "user_permissions": []
    }
  },
  {
    "model": "accounts.user",
    "pk": 17,
    "fields": {
      "password": "pbkdf2_sha256$1000000$LFgSl2QqiV24PYKzJtnNq5$rooDyfbE2dc25ig2PsH4vzR6tL5YcFWVmiZXAJ+rduo=",
      "last_login": null,
      "is_superuser": false,
      "username": "assoc4_b",
      "first_name": "Associado",
      "last_name": "4",
      "email": "assoc4@blumenau.com",
      "is_staff": false,
      "is_active": true,
      "date_joined": "2024-01-01T00:00:00Z",
      "user_type": "associado",
      "organizacao": "22222222-2222-2222-2222-222222222222",
      "is_associado": true,
      "is_coordenador": false,
      "nucleo": null,
      "groups": [],
      "user_permissions": []
    }
  },
  {
    "model": "accounts.user",
    "pk": 18,
    "fields": {
      "password": "pbkdf2_sha256$1000000$LFgSl2QqiV24PYKzJtnNq5$rooDyfbE2dc25ig2PsH4vzR6tL5YcFWVmiZXAJ+rduo=",
      "last_login": null,
      "is_superuser": false,
      "username": "assoc5_b",
      "first_name": "Associado",
      "last_name": "5",
      "email": "assoc5@blumenau.com",
      "is_staff": false,
      "is_active": true,
      "date_joined": "2024-01-01T00:00:00Z",
      "user_type": "associado",
      "organizacao": "22222222-2222-2222-2222-222222222222",
      "is_associado": true,
      "is_coordenador": false,
      "nucleo": null,
      "groups": [],
      "user_permissions": []
    }
  },
  {
    "model": "accounts.user",
    "pk": 19,
    "fields": {
      "password": "pbkdf2_sha256$1000000$LFgSl2QqiV24PYKzJtnNq5$rooDyfbE2dc25ig2PsH4vzR6tL5YcFWVmiZXAJ+rduo=",
      "last_login": null,
      "is_superuser": false,
      "username": "assoc6_b",
      "first_name": "Associado",
      "last_name": "6",
      "email": "assoc6@blumenau.com",
      "is_staff": false,
      "is_active": true,
      "date_joined": "2024-01-01T00:00:00Z",
      "user_type": "associado",
      "organizacao": "22222222-2222-2222-2222-222222222222",
      "is_associado": true,
      "is_coordenador": false,
      "nucleo": null,
      "groups": [],
      "user_permissions": []
    }
  },
  {
    "model": "accounts.user",
    "pk": 20,
    "fields": {
      "password": "pbkdf2_sha256$1000000$LFgSl2QqiV24PYKzJtnNq5$rooDyfbE2dc25ig2PsH4vzR6tL5YcFWVmiZXAJ+rduo=",
      "last_login": null,
      "is_superuser": false,
      "username": "assoc7_b",
      "first_name": "Associado",
      "last_name": "7",
      "email": "assoc7@blumenau.com",
      "is_staff": false,
      "is_active": true,
      "date_joined": "2024-01-01T00:00:00Z",
      "user_type": "associado",
      "organizacao": "22222222-2222-2222-2222-222222222222",
      "is_associado": true,
      "is_coordenador": false,
      "nucleo": null,
      "groups": [],
      "user_permissions": []
    }
  },
  {
    "model": "accounts.user",
    "pk": 21,
    "fields": {
      "password": "pbkdf2_sha256$1000000$LFgSl2QqiV24PYKzJtnNq5$rooDyfbE2dc25ig2PsH4vzR6tL5YcFWVmiZXAJ+rduo=",
      "last_login": null,
      "is_superuser": false,
      "username": "assoc8_b",
      "first_name": "Associado",
      "last_name": "8",
      "email": "assoc8@blumenau.com",
      "is_staff": false,
      "is_active": true,
      "date_joined": "2024-01-01T00:00:00Z",
      "user_type": "associado",
      "organizacao": "22222222-2222-2222-2222-222222222222",
      "is_associado": true,
      "is_coordenador": false,
      "nucleo": null,
      "groups": [],
      "user_permissions": []
    }
  },
  {
    "model": "accounts.user",
    "pk": 22,
    "fields": {
      "password": "pbkdf2_sha256$1000000$LFgSl2QqiV24PYKzJtnNq5$rooDyfbE2dc25ig2PsH4vzR6tL5YcFWVmiZXAJ+rduo=",
      "last_login": null,
      "is_superuser": false,
      "username": "assoc9_b",
      "first_name": "Associado",
      "last_name": "9",
      "email": "assoc9@blumenau.com",
      "is_staff": false,
      "is_active": true,
      "date_joined": "2024-01-01T00:00:00Z",
      "user_type": "associado",
      "organizacao": "22222222-2222-2222-2222-222222222222",
      "is_associado": true,
      "is_coordenador": false,
      "nucleo": null,
      "groups": [],
      "user_permissions": []
    }
  },
  {
    "model": "accounts.user",
    "pk": 23,
    "fields": {
      "password": "pbkdf2_sha256$1000000$LFgSl2QqiV24PYKzJtnNq5$rooDyfbE2dc25ig2PsH4vzR6tL5YcFWVmiZXAJ+rduo=",
      "last_login": null,
      "is_superuser": false,
      "username": "assoc10_b",
      "first_name": "Associado",
      "last_name": "10",
      "email": "assoc10@blumenau.com",
      "is_staff": false,
      "is_active": true,
      "date_joined": "2024-01-01T00:00:00Z",
      "user_type": "associado",
      "organizacao": "22222222-2222-2222-2222-222222222222",
      "is_associado": true,
      "is_coordenador": false,
      "nucleo": null,
      "groups": [],
      "user_permissions": []
    }
  },
  {
    "model": "accounts.user",
    "pk": 24,
    "fields": {
      "password": "pbkdf2_sha256$1000000$LFgSl2QqiV24PYKzJtnNq5$rooDyfbE2dc25ig2PsH4vzR6tL5YcFWVmiZXAJ+rduo=",
      "last_login": null,
      "is_superuser": false,
      "username": "nucleado1",
      "first_name": "Nucleado",
      "last_name": "1",
      "email": "nucleado1@floripa.com",
      "is_staff": false,
      "is_active": true,
      "date_joined": "2024-01-01T00:00:00Z",
      "user_type": "nucleado",
      "organizacao": "11111111-1111-1111-1111-111111111111",
      "is_associado": true,
      "is_coordenador": false,
      "nucleo": "aaaaaaaa-1111-1111-1111-111111111111",
      "groups": [],
      "user_permissions": []
    }
  },
  {
    "model": "accounts.user",
    "pk": 25,
    "fields": {
      "password": "pbkdf2_sha256$1000000$LFgSl2QqiV24PYKzJtnNq5$rooDyfbE2dc25ig2PsH4vzR6tL5YcFWVmiZXAJ+rduo=",
      "last_login": null,
      "is_superuser": false,
      "username": "nucleado2",
      "first_name": "Nucleado",
      "last_name": "2",
      "email": "nucleado2@floripa.com",
      "is_staff": false,
      "is_active": true,
      "date_joined": "2024-01-01T00:00:00Z",
      "user_type": "nucleado",
      "organizacao": "11111111-1111-1111-1111-111111111111",
      "is_associado": true,
      "is_coordenador": false,
      "nucleo": "bbbbbbbb-1111-1111-1111-111111111111",
      "groups": [],
      "user_permissions": []
    }
  },
  {
    "model": "accounts.user",
    "pk": 26,
    "fields": {
      "password": "pbkdf2_sha256$1000000$LFgSl2QqiV24PYKzJtnNq5$rooDyfbE2dc25ig2PsH4vzR6tL5YcFWVmiZXAJ+rduo=",
      "last_login": null,
      "is_superuser": false,
      "username": "nucleado1_b",
      "first_name": "Nucleado",
      "last_name": "1",
      "email": "nucleado1@blumenau.com",
      "is_staff": false,
      "is_active": true,
      "date_joined": "2024-01-01T00:00:00Z",
      "user_type": "nucleado",
      "organizacao": "22222222-2222-2222-2222-222222222222",
      "is_associado": true,
      "is_coordenador": false,
      "nucleo": "aaaaaaaa-2222-2222-2222-222222222222",
      "groups": [],
      "user_permissions": []
    }
  },
  {
    "model": "accounts.user",
    "pk": 27,
    "fields": {
      "password": "pbkdf2_sha256$1000000$LFgSl2QqiV24PYKzJtnNq5$rooDyfbE2dc25ig2PsH4vzR6tL5YcFWVmiZXAJ+rduo=",
      "last_login": null,
      "is_superuser": false,
      "username": "nucleado2_b",
      "first_name": "Nucleado",
      "last_name": "2",
      "email": "nucleado2@blumenau.com",
      "is_staff": false,
      "is_active": true,
      "date_joined": "2024-01-01T00:00:00Z",
      "user_type": "nucleado",
      "organizacao": "22222222-2222-2222-2222-222222222222",
      "is_associado": true,
      "is_coordenador": false,
      "nucleo": "bbbbbbbb-2222-2222-2222-222222222222",
      "groups": [],
      "user_permissions": []
    }
  },
  {
    "model": "accounts.user",
    "pk": 28,
    "fields": {
      "password": "pbkdf2_sha256$1000000$LFgSl2QqiV24PYKzJtnNq5$rooDyfbE2dc25ig2PsH4vzR6tL5YcFWVmiZXAJ+rduo=",
      "last_login": null,
      "is_superuser": false,
      "username": "convidado1",
      "first_name": "Convidado",
      "last_name": "1",
      "email": "convidado1@floripa.com",
      "is_staff": false,
      "is_active": true,
      "date_joined": "2024-01-01T00:00:00Z",
      "user_type": "convidado",
      "organizacao": "11111111-1111-1111-1111-111111111111",
      "is_associado": false,
      "is_coordenador": false,
      "nucleo": null,
      "groups": [],
      "user_permissions": []
    }
  },
  {
    "model": "accounts.user",
    "pk": 29,
    "fields": {
      "password": "pbkdf2_sha256$1000000$LFgSl2QqiV24PYKzJtnNq5$rooDyfbE2dc25ig2PsH4vzR6tL5YcFWVmiZXAJ+rduo=",
      "last_login": null,
      "is_superuser": false,
      "username": "convidado1_b",
      "first_name": "Convidado",
      "last_name": "1",
      "email": "convidado1@blumenau.com",
      "is_staff": false,
      "is_active": true,
      "date_joined": "2024-01-01T00:00:00Z",
      "user_type": "convidado",
      "organizacao": "22222222-2222-2222-2222-222222222222",
      "is_associado": false,
      "is_coordenador": false,
      "nucleo": null,
      "groups": [],
      "user_permissions": []
    }
  },
  {
    "model": "empresas.empresa",
    "pk": "10000000-0000-0000-0000-000000000001",
    "fields": {
      "usuario": 4,
      "organizacao": "11111111-1111-1111-1111-111111111111",
      "nome": "Empresa 1 Org1",
      "cnpj": "11.111.111/0001-901",
      "tipo": "",
      "municipio": "Florianópolis",
      "estado": "SC"
    }
  },
  {
    "model": "empresas.empresa",
    "pk": "10000000-0000-0000-0000-000000000002",
    "fields": {
      "usuario": 5,
      "organizacao": "11111111-1111-1111-1111-111111111111",
      "nome": "Empresa 2 Org1",
      "cnpj": "11.111.111/0001-902",
      "tipo": "",
      "municipio": "Florianópolis",
      "estado": "SC"
    }
  },
  {
    "model": "empresas.empresa",
    "pk": "10000000-0000-0000-0000-000000000003",
    "fields": {
      "usuario": 6,
      "organizacao": "11111111-1111-1111-1111-111111111111",
      "nome": "Empresa 3 Org1",
      "cnpj": "11.111.111/0001-903",
      "tipo": "",
      "municipio": "Florianópolis",
      "estado": "SC"
    }
  },
  {
    "model": "empresas.empresa",
    "pk": "10000000-0000-0000-0000-000000000004",
    "fields": {
      "usuario": 7,
      "organizacao": "11111111-1111-1111-1111-111111111111",
      "nome": "Empresa 4 Org1",
      "cnpj": "11.111.111/0001-904",
      "tipo": "",
      "municipio": "Florianópolis",
      "estado": "SC"
    }
  },
  {
    "model": "empresas.empresa",
    "pk": "10000000-0000-0000-0000-000000000005",
    "fields": {
      "usuario": 8,
      "organizacao": "11111111-1111-1111-1111-111111111111",
      "nome": "Empresa 5 Org1",
      "cnpj": "11.111.111/0001-905",
      "tipo": "",
      "municipio": "Florianópolis",
      "estado": "SC"
    }
  },
  {
    "model": "empresas.empresa",
    "pk": "10000000-0000-0000-0000-000000000006",
    "fields": {
      "usuario": 9,
      "organizacao": "11111111-1111-1111-1111-111111111111",
      "nome": "Empresa 6 Org1",
      "cnpj": "11.111.111/0001-906",
      "tipo": "",
      "municipio": "Florianópolis",
      "estado": "SC"
    }
  },
  {
    "model": "empresas.empresa",
    "pk": "10000000-0000-0000-0000-000000000007",
    "fields": {
      "usuario": 10,
      "organizacao": "11111111-1111-1111-1111-111111111111",
      "nome": "Empresa 7 Org1",
      "cnpj": "11.111.111/0001-907",
      "tipo": "",
      "municipio": "Florianópolis",
      "estado": "SC"
    }
  },
  {
    "model": "empresas.empresa",
    "pk": "10000000-0000-0000-0000-000000000008",
    "fields": {
      "usuario": 11,
      "organizacao": "11111111-1111-1111-1111-111111111111",
      "nome": "Empresa 8 Org1",
      "cnpj": "11.111.111/0001-908",
      "tipo": "",
      "municipio": "Florianópolis",
      "estado": "SC"
    }
  },
  {
    "model": "empresas.empresa",
    "pk": "10000000-0000-0000-0000-000000000009",
    "fields": {
      "usuario": 12,
      "organizacao": "11111111-1111-1111-1111-111111111111",
      "nome": "Empresa 9 Org1",
      "cnpj": "11.111.111/0001-909",
      "tipo": "",
      "municipio": "Florianópolis",
      "estado": "SC"
    }
  },
  {
    "model": "empresas.empresa",
    "pk": "10000000-0000-0000-0000-0000000000010",
    "fields": {
      "usuario": 13,
      "organizacao": "11111111-1111-1111-1111-111111111111",
      "nome": "Empresa 10 Org1",
      "cnpj": "11.111.111/0001-910",
      "tipo": "",
      "municipio": "Florianópolis",
      "estado": "SC"
    }
  },
  {
    "model": "empresas.empresa",
    "pk": "20000000-0000-0000-0000-000000000001",
    "fields": {
      "usuario": 14,
      "organizacao": "22222222-2222-2222-2222-222222222222",
      "nome": "Empresa 1 Org2",
      "cnpj": "22.222.222/0001-901",
      "tipo": "",
      "municipio": "Blumenau",
      "estado": "SC"
    }
  },
  {
    "model": "empresas.empresa",
    "pk": "20000000-0000-0000-0000-000000000002",
    "fields": {
      "usuario": 15,
      "organizacao": "22222222-2222-2222-2222-222222222222",
      "nome": "Empresa 2 Org2",
      "cnpj": "22.222.222/0001-902",
      "tipo": "",
      "municipio": "Blumenau",
      "estado": "SC"
    }
  },
  {
    "model": "empresas.empresa",
    "pk": "20000000-0000-0000-0000-000000000003",
    "fields": {
      "usuario": 16,
      "organizacao": "22222222-2222-2222-2222-222222222222",
      "nome": "Empresa 3 Org2",
      "cnpj": "22.222.222/0001-903",
      "tipo": "",
      "municipio": "Blumenau",
      "estado": "SC"
    }
  },
  {
    "model": "empresas.empresa",
    "pk": "20000000-0000-0000-0000-000000000004",
    "fields": {
      "usuario": 17,
      "organizacao": "22222222-2222-2222-2222-222222222222",
      "nome": "Empresa 4 Org2",
      "cnpj": "22.222.222/0001-904",
      "tipo": "",
      "municipio": "Blumenau",
      "estado": "SC"
    }
  },
  {
    "model": "empresas.empresa",
    "pk": "20000000-0000-0000-0000-000000000005",
    "fields": {
      "usuario": 18,
      "organizacao": "22222222-2222-2222-2222-222222222222",
      "nome": "Empresa 5 Org2",
      "cnpj": "22.222.222/0001-905",
      "tipo": "",
      "municipio": "Blumenau",
      "estado": "SC"
    }
  },
  {
    "model": "empresas.empresa",
    "pk": "20000000-0000-0000-0000-000000000006",
    "fields": {
      "usuario": 19,
      "organizacao": "22222222-2222-2222-2222-222222222222",
      "nome": "Empresa 6 Org2",
      "cnpj": "22.222.222/0001-906",
      "tipo": "",
      "municipio": "Blumenau",
      "estado": "SC"
    }
  },
  {
    "model": "empresas.empresa",
    "pk": "20000000-0000-0000-0000-000000000007",
    "fields": {
      "usuario": 20,
      "organizacao": "22222222-2222-2222-2222-222222222222",
      "nome": "Empresa 7 Org2",
      "cnpj": "22.222.222/0001-907",
      "tipo": "",
      "municipio": "Blumenau",
      "estado": "SC"
    }
  },
  {
    "model": "empresas.empresa",
    "pk": "20000000-0000-0000-0000-000000000008",
    "fields": {
      "usuario": 21,
      "organizacao": "22222222-2222-2222-2222-222222222222",
      "nome": "Empresa 8 Org2",
      "cnpj": "22.222.222/0001-908",
      "tipo": "",
      "municipio": "Blumenau",
      "estado": "SC"
    }
  },
  {
    "model": "empresas.empresa",
    "pk": "20000000-0000-0000-0000-000000000009",
    "fields": {
      "usuario": 22,
      "organizacao": "22222222-2222-2222-2222-222222222222",
      "nome": "Empresa 9 Org2",
      "cnpj": "22.222.222/0001-909",
      "tipo": "",
      "municipio": "Blumenau",
      "estado": "SC"
    }
  },
  {
    "model": "empresas.empresa",
    "pk": "20000000-0000-0000-0000-0000000000010",
    "fields": {
      "usuario": 23,
      "organizacao": "22222222-2222-2222-2222-222222222222",
      "nome": "Empresa 10 Org2",
      "cnpj": "22.222.222/0001-910",
      "tipo": "",
      "municipio": "Blumenau",
      "estado": "SC"
    }
  }
]