[
{
  "model": "auth.permission",
  "pk": 1,
  "fields": {
    "name": "Can add log entry",
    "content_type": 1,
    "codename": "add_logentry"
  }
},
{
  "model": "auth.permission",
  "pk": 2,
  "fields": {
    "name": "Can change log entry",
    "content_type": 1,
    "codename": "change_logentry"
  }
},
{
  "model": "auth.permission",
  "pk": 3,
  "fields": {
    "name": "Can delete log entry",
    "content_type": 1,
    "codename": "delete_logentry"
  }
},
{
  "model": "auth.permission",
  "pk": 4,
  "fields": {
    "name": "Can view log entry",
    "content_type": 1,
    "codename": "view_logentry"
  }
},
{
  "model": "auth.permission",
  "pk": 5,
  "fields": {
    "name": "Can add permission",
    "content_type": 2,
    "codename": "add_permission"
  }
},
{
  "model": "auth.permission",
  "pk": 6,
  "fields": {
    "name": "Can change permission",
    "content_type": 2,
    "codename": "change_permission"
  }
},
{
  "model": "auth.permission",
  "pk": 7,
  "fields": {
    "name": "Can delete permission",
    "content_type": 2,
    "codename": "delete_permission"
  }
},
{
  "model": "auth.permission",
  "pk": 8,
  "fields": {
    "name": "Can view permission",
    "content_type": 2,
    "codename": "view_permission"
  }
},
{
  "model": "auth.permission",
  "pk": 9,
  "fields": {
    "name": "Can add group",
    "content_type": 3,
    "codename": "add_group"
  }
},
{
  "model": "auth.permission",
  "pk": 10,
  "fields": {
    "name": "Can change group",
    "content_type": 3,
    "codename": "change_group"
  }
},
{
  "model": "auth.permission",
  "pk": 11,
  "fields": {
    "name": "Can delete group",
    "content_type": 3,
    "codename": "delete_group"
  }
},
{
  "model": "auth.permission",
  "pk": 12,
  "fields": {
    "name": "Can view group",
    "content_type": 3,
    "codename": "view_group"
  }
},
{
  "model": "auth.permission",
  "pk": 13,
  "fields": {
    "name": "Can add content type",
    "content_type": 4,
    "codename": "add_contenttype"
  }
},
{
  "model": "auth.permission",
  "pk": 14,
  "fields": {
    "name": "Can change content type",
    "content_type": 4,
    "codename": "change_contenttype"
  }
},
{
  "model": "auth.permission",
  "pk": 15,
  "fields": {
    "name": "Can delete content type",
    "content_type": 4,
    "codename": "delete_contenttype"
  }
},
{
  "model": "auth.permission",
  "pk": 16,
  "fields": {
    "name": "Can view content type",
    "content_type": 4,
    "codename": "view_contenttype"
  }
},
{
  "model": "auth.permission",
  "pk": 17,
  "fields": {
    "name": "Can add session",
    "content_type": 5,
    "codename": "add_session"
  }
},
{
  "model": "auth.permission",
  "pk": 18,
  "fields": {
    "name": "Can change session",
    "content_type": 5,
    "codename": "change_session"
  }
},
{
  "model": "auth.permission",
  "pk": 19,
  "fields": {
    "name": "Can delete session",
    "content_type": 5,
    "codename": "delete_session"
  }
},
{
  "model": "auth.permission",
  "pk": 20,
  "fields": {
    "name": "Can view session",
    "content_type": 5,
    "codename": "view_session"
  }
},
{
  "model": "auth.permission",
  "pk": 21,
  "fields": {
    "name": "Can add Tag",
    "content_type": 6,
    "codename": "add_tag"
  }
},
{
  "model": "auth.permission",
  "pk": 22,
  "fields": {
    "name": "Can change Tag",
    "content_type": 6,
    "codename": "change_tag"
  }
},
{
  "model": "auth.permission",
  "pk": 23,
  "fields": {
    "name": "Can delete Tag",
    "content_type": 6,
    "codename": "delete_tag"
  }
},
{
  "model": "auth.permission",
  "pk": 24,
  "fields": {
    "name": "Can view Tag",
    "content_type": 6,
    "codename": "view_tag"
  }
},
{
  "model": "auth.permission",
  "pk": 25,
  "fields": {
    "name": "Can add Empresa",
    "content_type": 7,
    "codename": "add_empresa"
  }
},
{
  "model": "auth.permission",
  "pk": 26,
  "fields": {
    "name": "Can change Empresa",
    "content_type": 7,
    "codename": "change_empresa"
  }
},
{
  "model": "auth.permission",
  "pk": 27,
  "fields": {
    "name": "Can delete Empresa",
    "content_type": 7,
    "codename": "delete_empresa"
  }
},
{
  "model": "auth.permission",
  "pk": 28,
  "fields": {
    "name": "Can view Empresa",
    "content_type": 7,
    "codename": "view_empresa"
  }
},
{
  "model": "auth.permission",
  "pk": 29,
  "fields": {
    "name": "Can add Usuário",
    "content_type": 8,
    "codename": "add_user"
  }
},
{
  "model": "auth.permission",
  "pk": 30,
  "fields": {
    "name": "Can change Usuário",
    "content_type": 8,
    "codename": "change_user"
  }
},
{
  "model": "auth.permission",
  "pk": 31,
  "fields": {
    "name": "Can delete Usuário",
    "content_type": 8,
    "codename": "delete_user"
  }
},
{
  "model": "auth.permission",
  "pk": 32,
  "fields": {
    "name": "Can view Usuário",
    "content_type": 8,
    "codename": "view_user"
  }
},
{
  "model": "auth.permission",
  "pk": 33,
  "fields": {
    "name": "Can add Configuração de Notificação",
    "content_type": 9,
    "codename": "add_notificationsettings"
  }
},
{
  "model": "auth.permission",
  "pk": 34,
  "fields": {
    "name": "Can change Configuração de Notificação",
    "content_type": 9,
    "codename": "change_notificationsettings"
  }
},
{
  "model": "auth.permission",
  "pk": 35,
  "fields": {
    "name": "Can delete Configuração de Notificação",
    "content_type": 9,
    "codename": "delete_notificationsettings"
  }
},
{
  "model": "auth.permission",
  "pk": 36,
  "fields": {
    "name": "Can view Configuração de Notificação",
    "content_type": 9,
    "codename": "view_notificationsettings"
  }
},
{
  "model": "auth.permission",
  "pk": 37,
  "fields": {
    "name": "Can add Organização",
    "content_type": 10,
    "codename": "add_organizacao"
  }
},
{
  "model": "auth.permission",
  "pk": 38,
  "fields": {
    "name": "Can change Organização",
    "content_type": 10,
    "codename": "change_organizacao"
  }
},
{
  "model": "auth.permission",
  "pk": 39,
  "fields": {
    "name": "Can delete Organização",
    "content_type": 10,
    "codename": "delete_organizacao"
  }
},
{
  "model": "auth.permission",
  "pk": 40,
  "fields": {
    "name": "Can view Organização",
    "content_type": 10,
    "codename": "view_organizacao"
  }
},
{
  "model": "auth.permission",
  "pk": 41,
  "fields": {
    "name": "Can add Núcleo",
    "content_type": 11,
    "codename": "add_nucleo"
  }
},
{
  "model": "auth.permission",
  "pk": 42,
  "fields": {
    "name": "Can change Núcleo",
    "content_type": 11,
    "codename": "change_nucleo"
  }
},
{
  "model": "auth.permission",
  "pk": 43,
  "fields": {
    "name": "Can delete Núcleo",
    "content_type": 11,
    "codename": "delete_nucleo"
  }
},
{
  "model": "auth.permission",
  "pk": 44,
  "fields": {
    "name": "Can view Núcleo",
    "content_type": 11,
    "codename": "view_nucleo"
  }
},
{
  "model": "auth.permission",
  "pk": 45,
  "fields": {
    "name": "Can add Evento",
    "content_type": 12,
    "codename": "add_evento"
  }
},
{
  "model": "auth.permission",
  "pk": 46,
  "fields": {
    "name": "Can change Evento",
    "content_type": 12,
    "codename": "change_evento"
  }
},
{
  "model": "auth.permission",
  "pk": 47,
  "fields": {
    "name": "Can delete Evento",
    "content_type": 12,
    "codename": "delete_evento"
  }
},
{
  "model": "auth.permission",
  "pk": 48,
  "fields": {
    "name": "Can view Evento",
    "content_type": 12,
    "codename": "view_evento"
  }
},
{
  "model": "auth.permission",
  "pk": 49,
  "fields": {
    "name": "Can add Tipo de Usuário",
    "content_type": 13,
    "codename": "add_usertype"
  }
},
{
  "model": "auth.permission",
  "pk": 50,
  "fields": {
    "name": "Can change Tipo de Usuário",
    "content_type": 13,
    "codename": "change_usertype"
  }
},
{
  "model": "auth.permission",
  "pk": 51,
  "fields": {
    "name": "Can delete Tipo de Usuário",
    "content_type": 13,
    "codename": "delete_usertype"
  }
},
{
  "model": "auth.permission",
  "pk": 52,
  "fields": {
    "name": "Can view Tipo de Usuário",
    "content_type": 13,
    "codename": "view_usertype"
  }
},
{
  "model": "contenttypes.contenttype",
  "pk": 1,
  "fields": {
    "app_label": "admin",
    "model": "logentry"
  }
},
{
  "model": "contenttypes.contenttype",
  "pk": 2,
  "fields": {
    "app_label": "auth",
    "model": "permission"
  }
},
{
  "model": "contenttypes.contenttype",
  "pk": 3,
  "fields": {
    "app_label": "auth",
    "model": "group"
  }
},
{
  "model": "contenttypes.contenttype",
  "pk": 4,
  "fields": {
    "app_label": "contenttypes",
    "model": "contenttype"
  }
},
{
  "model": "contenttypes.contenttype",
  "pk": 5,
  "fields": {
    "app_label": "sessions",
    "model": "session"
  }
},
{
  "model": "contenttypes.contenttype",
  "pk": 6,
  "fields": {
    "app_label": "empresas",
    "model": "tag"
  }
},
{
  "model": "contenttypes.contenttype",
  "pk": 7,
  "fields": {
    "app_label": "empresas",
    "model": "empresa"
  }
},
{
  "model": "contenttypes.contenttype",
  "pk": 8,
  "fields": {
    "app_label": "accounts",
    "model": "user"
  }
},
{
  "model": "contenttypes.contenttype",
  "pk": 9,
  "fields": {
    "app_label": "accounts",
    "model": "notificationsettings"
  }
},
{
  "model": "contenttypes.contenttype",
  "pk": 10,
  "fields": {
    "app_label": "organizacoes",
    "model": "organizacao"
  }
},
{
  "model": "contenttypes.contenttype",
  "pk": 11,
  "fields": {
    "app_label": "nucleos",
    "model": "nucleo"
  }
},
{
  "model": "contenttypes.contenttype",
  "pk": 12,
  "fields": {
    "app_label": "eventos",
    "model": "evento"
  }
},
{
  "model": "contenttypes.contenttype",
  "pk": 13,
  "fields": {
    "app_label": "accounts",
    "model": "usertype"
  }
},
{
  "model": "sessions.session",
  "pk": "46t594ye4w7juoue0xwlpt1b5uft6e9h",
  "fields": {
    "session_data": ".eJxVjEEOwiAQRe_C2pACkzK4dO8ZCDMMUjU0Ke3KeHdt0oVu_3vvv1RM21rj1mWJU1ZnZdTpd6PED2k7yPfUbrPmua3LRHpX9EG7vs5ZnpfD_TuoqddvbRHBGxzF2-xQgHwYGMxgS_GczMgYnGEsTkJgyjZb7yABMnoqhUC9P8XfN74:1uTPYm:CCS-UJ2Hv1ByarsghR9VBs8nOCPvvBXO1GKbcMSJsEw",
    "expire_date": "2025-07-06T18:36:56.200Z"
  }
},
{
  "model": "sessions.session",
  "pk": "a87t7ajz6f95cq6g2ccgu3uzo72yz0na",
  "fields": {
    "session_data": ".eJxVjEEOwiAQRe_C2pACkzK4dO8ZCDMMUjU0Ke3KeHdt0oVu_3vvv1RM21rj1mWJU1ZnZdTpd6PED2k7yPfUbrPmua3LRHpX9EG7vs5ZnpfD_TuoqddvbRHBGxzF2-xQgHwYGMxgS_GczMgYnGEsTkJgyjZb7yABMnoqhUC9P8XfN74:1uQoT1:uDZI9UysYGjLYxRoxf8ffLQ1uhy-JFaqYl0CdC-QfVA",
    "expire_date": "2025-06-29T14:36:15.854Z"
  }
},
{
  "model": "empresas.tag",
  "pk": 1,
  "fields": {
    "nome": "earum"
  }
},
{
  "model": "empresas.tag",
  "pk": 2,
  "fields": {
    "nome": "placeat"
  }
},
{
  "model": "empresas.tag",
  "pk": 3,
  "fields": {
    "nome": "fugiat"
  }
},
{
  "model": "empresas.tag",
  "pk": 4,
  "fields": {
    "nome": "sint"
  }
},
{
  "model": "empresas.tag",
  "pk": 5,
  "fields": {
    "nome": "architecto"
  }
},
{
  "model": "empresas.empresa",
  "pk": 1,
  "fields": {
    "usuario": 10,
    "cnpj": "85.074.619/0001-01",
    "nome": "Azevedo",
    "tipo": "Transform Best-Of-Breed Networks",
    "municipio": "Farias Paulista",
    "estado": "ES",
    "logo": "",
    "descricao": "Officia dolor ipsum. Voluptas architecto non quibusdam harum occaecati natus. Dolorem mollitia magnam atque ipsum cupiditate sed unde.",
    "contato": "11 8431-2655",
    "palavras_chave": "eum;cumque;expedita",
    "tags": [
      1,
      3
    ]
  }
},
{
  "model": "empresas.empresa",
  "pk": 2,
  "fields": {
    "usuario": 59,
    "cnpj": "86.534.902/0001-23",
    "nome": "Pinto",
    "tipo": "Evolve Interactive Applications",
    "municipio": "das Neves Paulista",
    "estado": "RO",
    "logo": "",
    "descricao": "Voluptates aperiam recusandae. Voluptatibus molestias consequatur molestiae quaerat ipsa animi. Fugiat cumque nam cum reiciendis reprehenderit.\nOccaecati accusantium corrupti iusto.",
    "contato": "(041) 6344 4176",
    "palavras_chave": "optio;nesciunt;debitis",
    "tags": [
      3,
      4
    ]
  }
},
{
  "model": "empresas.empresa",
  "pk": 3,
  "fields": {
    "usuario": 58,
    "cnpj": "45.129.680/0001-86",
    "nome": "Melo Araújo - ME",
    "tipo": "Productize Bleeding-Edge Initiatives",
    "municipio": "da Luz",
    "estado": "MS",
    "logo": "",
    "descricao": "Molestias culpa commodi a. Excepturi maxime minima odit repudiandae facilis. Inventore commodi beatae ipsam.\nCulpa nobis veritatis libero excepturi.",
    "contato": "11 0360 7350",
    "palavras_chave": "vero;adipisci;illum",
    "tags": [
      1,
      2
    ]
  }
},
{
  "model": "empresas.empresa",
  "pk": 4,
  "fields": {
    "usuario": 31,
    "cnpj": "79.083.152/0001-55",
    "nome": "Mendes",
    "tipo": "Engineer Virtual Channels",
    "municipio": "Martins Alegre",
    "estado": "MA",
    "logo": "",
    "descricao": "Eius provident aspernatur qui. Iste debitis consequatur autem dolor consequuntur aliquid assumenda. Repudiandae consequuntur facilis facere.",
    "contato": "(061) 1189-2454",
    "palavras_chave": "natus;consectetur;cum",
    "tags": [
      1,
      2
    ]
  }
},
{
  "model": "empresas.empresa",
  "pk": 5,
  "fields": {
    "usuario": 84,
    "cnpj": "45.293.687/0001-39",
    "nome": "Viana",
    "tipo": "Reinvent User-Centric Interfaces",
    "municipio": "Costela",
    "estado": "CE",
    "logo": "",
    "descricao": "Consectetur aspernatur beatae laboriosam nihil suscipit. Ex sed corrupti laudantium doloribus quisquam molestiae ut. Mollitia nisi beatae unde iste impedit maxime debitis.",
    "contato": "(061) 9210-6121",
    "palavras_chave": "error;cumque;placeat",
    "tags": [
      2,
      4
    ]
  }
},
{
  "model": "empresas.empresa",
  "pk": 6,
  "fields": {
    "usuario": 9,
    "cnpj": "97.315.602/0001-70",
    "nome": "da Mata - EI",
    "tipo": "Architect Best-Of-Breed Functionalities",
    "municipio": "Nunes da Praia",
    "estado": "GO",
    "logo": "",
    "descricao": "Enim eveniet quis possimus vitae fugiat. Asperiores minima fuga nobis.\nDelectus voluptatum amet amet. Atque distinctio odit optio.\nOdit fuga recusandae veniam. Eum possimus quos fugit.",
    "contato": "+55 (021) 8551 1749",
    "palavras_chave": "nihil;delectus;esse",
    "tags": [
      1,
      4
    ]
  }
},
{
  "model": "empresas.empresa",
  "pk": 7,
  "fields": {
    "usuario": 35,
    "cnpj": "52.436.197/0001-00",
    "nome": "Caldeira",
    "tipo": "Deploy Holistic Niches",
    "municipio": "Nascimento do Norte",
    "estado": "RJ",
    "logo": "",
    "descricao": "Quibusdam facilis in provident distinctio nihil officia. Adipisci dolor molestias officiis repellendus assumenda praesentium. Temporibus molestiae facilis laudantium aliquid.",
    "contato": "+55 21 1004 9369",
    "palavras_chave": "cum;pariatur;quos",
    "tags": [
      4,
      5
    ]
  }
},
{
  "model": "empresas.empresa",
  "pk": 8,
  "fields": {
    "usuario": 38,
    "cnpj": "23.405.671/0001-38",
    "nome": "da Cruz",
    "tipo": "Optimize Back-End Schemas",
    "municipio": "Silveira",
    "estado": "PB",
    "logo": "",
    "descricao": "Sed architecto excepturi unde quisquam quaerat distinctio. Architecto maxime inventore consectetur dolor cupiditate.",
    "contato": "+55 (041) 9176-0694",
    "palavras_chave": "magni;deleniti;tempore",
    "tags": [
      1,
      2
    ]
  }
},
{
  "model": "empresas.empresa",
  "pk": 9,
  "fields": {
    "usuario": 93,
    "cnpj": "23.741.986/0001-56",
    "nome": "Aragão Oliveira e Filhos",
    "tipo": "Strategize Back-End Supply-Chains",
    "municipio": "Gomes da Prata",
    "estado": "CE",
    "logo": "",
    "descricao": "Ex eligendi fugiat voluptatem aliquam reprehenderit ducimus. Optio repudiandae expedita eos sapiente. Saepe nihil vel ullam dolorum magni.",
    "contato": "+55 (071) 3646 1030",
    "palavras_chave": "molestias;similique;unde",
    "tags": [
      2,
      3
    ]
  }
},
{
  "model": "empresas.empresa",
  "pk": 10,
  "fields": {
    "usuario": 30,
    "cnpj": "17.098.253/0001-42",
    "nome": "Lima",
    "tipo": "Syndicate Granular Metrics",
    "municipio": "Pinto",
    "estado": "SP",
    "logo": "",
    "descricao": "Ratione dolores dolorem ea iusto. Error repudiandae velit veritatis ullam dolor.\nConsequatur et fugiat labore ducimus possimus quo.",
    "contato": "+55 (061) 1984-5911",
    "palavras_chave": "eum;dolore;occaecati",
    "tags": [
      1,
      4
    ]
  }
},
{
  "model": "empresas.empresa",
  "pk": 11,
  "fields": {
    "usuario": 70,
    "cnpj": "59.284.136/0001-13",
    "nome": "Moreira Gonçalves S.A.",
    "tipo": "Incubate Bricks-And-Clicks Content",
    "municipio": "Carvalho",
    "estado": "RO",
    "logo": "",
    "descricao": "Error molestias culpa animi. Ut atque quisquam dolores ad nostrum repudiandae. Sunt pariatur pariatur et quis accusantium harum laudantium.",
    "contato": "+55 (011) 9985-1240",
    "palavras_chave": "odio;dicta;vel",
    "tags": [
      2,
      4
    ]
  }
},
{
  "model": "empresas.empresa",
  "pk": 12,
  "fields": {
    "usuario": 69,
    "cnpj": "07.326.954/0001-38",
    "nome": "da Paz - ME",
    "tipo": "Whiteboard Scalable Markets",
    "municipio": "Cunha de Goiás",
    "estado": "MT",
    "logo": "",
    "descricao": "Reiciendis ratione exercitationem in. Minima nostrum fuga aut sunt.\nUt minima tempora nobis vel reprehenderit eos quos. Unde quo autem impedit.",
    "contato": "(084) 4083 3617",
    "palavras_chave": "minus;modi;perspiciatis",
    "tags": [
      1,
      5
    ]
  }
},
{
  "model": "empresas.empresa",
  "pk": 13,
  "fields": {
    "usuario": 64,
    "cnpj": "16.837.549/0001-75",
    "nome": "Gomes S.A.",
    "tipo": "Incubate Cross-Media Action-Items",
    "municipio": "Almeida",
    "estado": "MT",
    "logo": "",
    "descricao": "Eum esse odio rerum. Earum earum fuga dolorum optio. Deserunt aspernatur voluptate illo minus corrupti consequuntur.",
    "contato": "81 1875-4872",
    "palavras_chave": "quo;est;laborum",
    "tags": [
      2,
      3
    ]
  }
},
{
  "model": "empresas.empresa",
  "pk": 14,
  "fields": {
    "usuario": 49,
    "cnpj": "31.520.874/0001-01",
    "nome": "Araújo",
    "tipo": "Unleash Out-Of-The-Box Users",
    "municipio": "Novaes de Costa",
    "estado": "SP",
    "logo": "",
    "descricao": "Iure dicta sapiente voluptate facere. Quasi aut enim pariatur dignissimos labore repellat. Aut ipsum explicabo.\nIllo mollitia cum at consectetur pariatur voluptatem. Deserunt aperiam totam deserunt.",
    "contato": "+55 (081) 3603 5337",
    "palavras_chave": "impedit;id;provident",
    "tags": [
      1,
      5
    ]
  }
},
{
  "model": "empresas.empresa",
  "pk": 15,
  "fields": {
    "usuario": 17,
    "cnpj": "40.817.296/0001-52",
    "nome": "da Paz Martins e Filhos",
    "tipo": "Implement Wireless Info-Mediaries",
    "municipio": "Rocha",
    "estado": "SP",
    "logo": "",
    "descricao": "Voluptatum nam modi minus cum nostrum temporibus. Similique illo culpa odit perferendis aliquam laboriosam.",
    "contato": "+55 11 8125 1839",
    "palavras_chave": "esse;modi;tempore",
    "tags": [
      2,
      5
    ]
  }
},
{
  "model": "empresas.empresa",
  "pk": 16,
  "fields": {
    "usuario": 39,
    "cnpj": "87.230.469/0001-03",
    "nome": "Vieira",
    "tipo": "Mesh Mission-Critical Systems",
    "municipio": "Pinto",
    "estado": "SP",
    "logo": "",
    "descricao": "Sed vitae sunt expedita similique nemo. Consequuntur id consequatur quo aspernatur voluptate. Magnam sapiente quo facilis.",
    "contato": "0500 239 8409",
    "palavras_chave": "delectus;quo;quia",
    "tags": [
      2,
      3
    ]
  }
},
{
  "model": "empresas.empresa",
  "pk": 17,
  "fields": {
    "usuario": 41,
    "cnpj": "10.397.562/0001-74",
    "nome": "da Paz - ME",
    "tipo": "Synergize Global Portals",
    "municipio": "Costela",
    "estado": "GO",
    "logo": "",
    "descricao": "Reiciendis doloremque ducimus reiciendis vitae laboriosam. Nemo corrupti accusantium illum sapiente.",
    "contato": "61 5783-3076",
    "palavras_chave": "ipsam;explicabo;modi",
    "tags": [
      4,
      5
    ]
  }
},
{
  "model": "empresas.empresa",
  "pk": 18,
  "fields": {
    "usuario": 98,
    "cnpj": "13.786.254/0001-29",
    "nome": "Castro Ltda.",
    "tipo": "Orchestrate Best-Of-Breed Infrastructures",
    "municipio": "Azevedo da Mata",
    "estado": "RS",
    "logo": "",
    "descricao": "Alias quam rerum magnam dignissimos. Dolorum iure provident qui amet. Quod itaque quae error quasi dolor.",
    "contato": "+55 (011) 8324-6529",
    "palavras_chave": "beatae;quaerat;dolorem",
    "tags": [
      3,
      4
    ]
  }
},
{
  "model": "empresas.empresa",
  "pk": 19,
  "fields": {
    "usuario": 91,
    "cnpj": "65.473.902/0001-90",
    "nome": "Novaes Aragão S/A",
    "tipo": "Exploit Synergistic Action-Items",
    "municipio": "Sales de Duarte",
    "estado": "PI",
    "logo": "",
    "descricao": "Placeat doloremque reprehenderit modi. Possimus nostrum accusamus culpa nisi aperiam neque explicabo.",
    "contato": "0300-045-5360",
    "palavras_chave": "dolore;fugiat;doloremque",
    "tags": [
      4,
      5
    ]
  }
},
{
  "model": "empresas.empresa",
  "pk": 20,
  "fields": {
    "usuario": 61,
    "cnpj": "95.804.213/0001-82",
    "nome": "Gomes",
    "tipo": "Visualize Vertical Networks",
    "municipio": "Nascimento da Praia",
    "estado": "RJ",
    "logo": "",
    "descricao": "Quod suscipit veniam quas numquam dignissimos odio. Sint doloribus facere corrupti error corrupti. Consectetur esse tempora aspernatur aut.",
    "contato": "+55 41 8995-8847",
    "palavras_chave": "voluptatem;architecto;enim",
    "tags": [
      3,
      5
    ]
  }
},
{
  "model": "accounts.usertype",
  "pk": 1,
  "fields": {
    "descricao": "admin"
  }
},
{
  "model": "accounts.usertype",
  "pk": 2,
  "fields": {
    "descricao": "manager"
  }
},
{
  "model": "accounts.usertype",
  "pk": 3,
  "fields": {
    "descricao": "client"
  }
},
{
  "model": "accounts.usertype",
  "pk": 4,
  "fields": {
    "descricao": "root"
  }
},
{
  "model": "accounts.user",
  "pk": 2,
  "fields": {
    "password": "pbkdf2_sha256$1000000$RytryuFroWvwA9XjOkGAKb$rhb82d1XOwcfbIs3UGplqzH5CWkUUT1454UElcpwD5I=",
    "last_login": null,
    "is_superuser": true,
    "username": "root",
    "first_name": "root",
    "last_name": "",
    "email": "",
    "is_staff": true,
    "is_active": true,
    "date_joined": "2025-06-22T18:26:21.632Z",
    "phone_number": null,
    "address": "",
    "birth_date": null,
    "cpf": null,
    "avatar": "",
    "bio": "",
    "data_nascimento": null,
    "genero": "",
    "telefone": "",
    "whatsapp": "",
    "endereco": "",
    "cidade": "",
    "estado": "",
    "cep": "",
    "facebook": "",
    "twitter": "",
    "instagram": "",
    "linkedin": "",
    "website": "",
    "idioma": "",
    "fuso_horario": "",
    "perfil_publico": true,
    "mostrar_email": true,
    "mostrar_telefone": false,
    "tipo": 4,
    "organizacao": null,
    "groups": [],
    "user_permissions": []
  }
},
{
  "model": "accounts.user",
  "pk": 3,
  "fields": {
    "password": "",
    "last_login": null,
    "is_superuser": false,
    "username": "juandas-neves",
    "first_name": "Vitória",
    "last_name": "Moura",
    "email": "esthernogueira@example.net",
    "is_staff": false,
    "is_active": true,
    "date_joined": "2025-06-23T00:08:35.433Z",
    "phone_number": null,
    "address": "",
    "birth_date": null,
    "cpf": "059.316.782-12",
    "avatar": "",
    "bio": "",
    "data_nascimento": null,
    "genero": "M",
    "telefone": "",
    "whatsapp": "",
    "endereco": "",
    "cidade": "",
    "estado": "",
    "cep": "",
    "facebook": "",
    "twitter": "",
    "instagram": "",
    "linkedin": "",
    "website": "",
    "idioma": "",
    "fuso_horario": "",
    "perfil_publico": true,
    "mostrar_email": true,
    "mostrar_telefone": false,
    "tipo": 3,
    "organizacao": 3,
    "groups": [],
    "user_permissions": []
  }
},
{
  "model": "accounts.user",
  "pk": 4,
  "fields": {
    "password": "",
    "last_login": null,
    "is_superuser": false,
    "username": "varaujo",
    "first_name": "Thiago",
    "last_name": "Ferreira",
    "email": "alicecostela@example.com",
    "is_staff": false,
    "is_active": true,
    "date_joined": "2025-06-23T00:08:35.439Z",
    "phone_number": null,
    "address": "",
    "birth_date": null,
    "cpf": "352.409.671-99",
    "avatar": "",
    "bio": "",
    "data_nascimento": null,
    "genero": "M",
    "telefone": "",
    "whatsapp": "",
    "endereco": "",
    "cidade": "",
    "estado": "",
    "cep": "",
    "facebook": "",
    "twitter": "",
    "instagram": "",
    "linkedin": "",
    "website": "",
    "idioma": "",
    "fuso_horario": "",
    "perfil_publico": true,
    "mostrar_email": true,
    "mostrar_telefone": false,
    "tipo": 3,
    "organizacao": 2,
    "groups": [],
    "user_permissions": []
  }
},
{
  "model": "accounts.user",
  "pk": 5,
  "fields": {
    "password": "",
    "last_login": null,
    "is_superuser": false,
    "username": "sfreitas",
    "first_name": "Carlos Eduardo",
    "last_name": "Viana",
    "email": "pereiracamila@example.com",
    "is_staff": false,
    "is_active": true,
    "date_joined": "2025-06-23T00:08:35.446Z",
    "phone_number": null,
    "address": "",
    "birth_date": null,
    "cpf": "293.054.176-80",
    "avatar": "",
    "bio": "",
    "data_nascimento": null,
    "genero": "F",
    "telefone": "",
    "whatsapp": "",
    "endereco": "",
    "cidade": "",
    "estado": "",
    "cep": "",
    "facebook": "",
    "twitter": "",
    "instagram": "",
    "linkedin": "",
    "website": "",
    "idioma": "",
    "fuso_horario": "",
    "perfil_publico": true,
    "mostrar_email": true,
    "mostrar_telefone": false,
    "tipo": 3,
    "organizacao": 2,
    "groups": [],
    "user_permissions": []
  }
},
{
  "model": "accounts.user",
  "pk": 6,
  "fields": {
    "password": "",
    "last_login": null,
    "is_superuser": false,
    "username": "larapereira",
    "first_name": "Eloah",
    "last_name": "Fernandes",
    "email": "juliacunha@example.net",
    "is_staff": false,
    "is_active": true,
    "date_joined": "2025-06-23T00:08:35.452Z",
    "phone_number": null,
    "address": "",
    "birth_date": null,
    "cpf": "970.136.548-84",
    "avatar": "",
    "bio": "",
    "data_nascimento": null,
    "genero": "F",
    "telefone": "",
    "whatsapp": "",
    "endereco": "",
    "cidade": "",
    "estado": "",
    "cep": "",
    "facebook": "",
    "twitter": "",
    "instagram": "",
    "linkedin": "",
    "website": "",
    "idioma": "",
    "fuso_horario": "",
    "perfil_publico": true,
    "mostrar_email": true,
    "mostrar_telefone": false,
    "tipo": 3,
    "organizacao": 3,
    "groups": [],
    "user_permissions": []
  }
},
{
  "model": "accounts.user",
  "pk": 7,
  "fields": {
    "password": "",
    "last_login": null,
    "is_superuser": false,
    "username": "joaquimjesus",
    "first_name": "Eduardo",
    "last_name": "da Mota",
    "email": "fariastheo@example.net",
    "is_staff": false,
    "is_active": true,
    "date_joined": "2025-06-23T00:08:35.457Z",
    "phone_number": null,
    "address": "",
    "birth_date": null,
    "cpf": "621.430.587-80",
    "avatar": "",
    "bio": "",
    "data_nascimento": null,
    "genero": "M",
    "telefone": "",
    "whatsapp": "",
    "endereco": "",
    "cidade": "",
    "estado": "",
    "cep": "",
    "facebook": "",
    "twitter": "",
    "instagram": "",
    "linkedin": "",
    "website": "",
    "idioma": "",
    "fuso_horario": "",
    "perfil_publico": true,
    "mostrar_email": true,
    "mostrar_telefone": false,
    "tipo": 3,
    "organizacao": 2,
    "groups": [],
    "user_permissions": []
  }
},
{
  "model": "accounts.user",
  "pk": 8,
  "fields": {
    "password": "",
    "last_login": null,
    "is_superuser": false,
    "username": "theo67",
    "first_name": "Ana Luiza",
    "last_name": "Costela",
    "email": "claricecaldeira@example.org",
    "is_staff": false,
    "is_active": true,
    "date_joined": "2025-06-23T00:08:35.464Z",
    "phone_number": null,
    "address": "",
    "birth_date": null,
    "cpf": "740.918.632-13",
    "avatar": "",
    "bio": "",
    "data_nascimento": null,
    "genero": "M",
    "telefone": "",
    "whatsapp": "",
    "endereco": "",
    "cidade": "",
    "estado": "",
    "cep": "",
    "facebook": "",
    "twitter": "",
    "instagram": "",
    "linkedin": "",
    "website": "",
    "idioma": "",
    "fuso_horario": "",
    "perfil_publico": true,
    "mostrar_email": true,
    "mostrar_telefone": false,
    "tipo": 3,
    "organizacao": 3,
    "groups": [],
    "user_permissions": []
  }
},
{
  "model": "accounts.user",
  "pk": 9,
  "fields": {
    "password": "",
    "last_login": null,
    "is_superuser": false,
    "username": "qsantos",
    "first_name": "Arthur",
    "last_name": "Nascimento",
    "email": "eduarda03@example.net",
    "is_staff": false,
    "is_active": true,
    "date_joined": "2025-06-23T00:08:35.470Z",
    "phone_number": null,
    "address": "",
    "birth_date": null,
    "cpf": "852.067.143-80",
    "avatar": "",
    "bio": "",
    "data_nascimento": null,
    "genero": "M",
    "telefone": "",
    "whatsapp": "",
    "endereco": "",
    "cidade": "",
    "estado": "",
    "cep": "",
    "facebook": "",
    "twitter": "",
    "instagram": "",
    "linkedin": "",
    "website": "",
    "idioma": "",
    "fuso_horario": "",
    "perfil_publico": true,
    "mostrar_email": true,
    "mostrar_telefone": false,
    "tipo": 3,
    "organizacao": 3,
    "groups": [],
    "user_permissions": []
  }
},
{
  "model": "accounts.user",
  "pk": 10,
  "fields": {
    "password": "",
    "last_login": null,
    "is_superuser": false,
    "username": "kcarvalho",
    "first_name": "Danilo",
    "last_name": "Lopes",
    "email": "mourabruno@example.net",
    "is_staff": false,
    "is_active": true,
    "date_joined": "2025-06-23T00:08:35.476Z",
    "phone_number": null,
    "address": "",
    "birth_date": null,
    "cpf": "934.867.510-93",
    "avatar": "",
    "bio": "",
    "data_nascimento": null,
    "genero": "M",
    "telefone": "",
    "whatsapp": "",
    "endereco": "",
    "cidade": "",
    "estado": "",
    "cep": "",
    "facebook": "",
    "twitter": "",
    "instagram": "",
    "linkedin": "",
    "website": "",
    "idioma": "",
    "fuso_horario": "",
    "perfil_publico": true,
    "mostrar_email": true,
    "mostrar_telefone": false,
    "tipo": 3,
    "organizacao": 2,
    "groups": [],
    "user_permissions": []
  }
},
{
  "model": "accounts.user",
  "pk": 11,
  "fields": {
    "password": "",
    "last_login": null,
    "is_superuser": false,
    "username": "lorenzomoura",
    "first_name": "Heloísa",
    "last_name": "Castro",
    "email": "isabella18@example.com",
    "is_staff": false,
    "is_active": true,
    "date_joined": "2025-06-23T00:08:35.481Z",
    "phone_number": null,
    "address": "",
    "birth_date": null,
    "cpf": "376.051.249-61",
    "avatar": "",
    "bio": "",
    "data_nascimento": null,
    "genero": "M",
    "telefone": "",
    "whatsapp": "",
    "endereco": "",
    "cidade": "",
    "estado": "",
    "cep": "",
    "facebook": "",
    "twitter": "",
    "instagram": "",
    "linkedin": "",
    "website": "",
    "idioma": "",
    "fuso_horario": "",
    "perfil_publico": true,
    "mostrar_email": true,
    "mostrar_telefone": false,
    "tipo": 3,
    "organizacao": 2,
    "groups": [],
    "user_permissions": []
  }
},
{
  "model": "accounts.user",
  "pk": 12,
  "fields": {
    "password": "",
    "last_login": null,
    "is_superuser": false,
    "username": "yuriaraujo",
    "first_name": "Alícia",
    "last_name": "Rocha",
    "email": "ana-beatrizcunha@example.net",
    "is_staff": false,
    "is_active": true,
    "date_joined": "2025-06-23T00:08:35.487Z",
    "phone_number": null,
    "address": "",
    "birth_date": null,
    "cpf": "940.152.678-85",
    "avatar": "",
    "bio": "",
    "data_nascimento": null,
    "genero": "F",
    "telefone": "",
    "whatsapp": "",
    "endereco": "",
    "cidade": "",
    "estado": "",
    "cep": "",
    "facebook": "",
    "twitter": "",
    "instagram": "",
    "linkedin": "",
    "website": "",
    "idioma": "",
    "fuso_horario": "",
    "perfil_publico": true,
    "mostrar_email": true,
    "mostrar_telefone": false,
    "tipo": 3,
    "organizacao": 2,
    "groups": [],
    "user_permissions": []
  }
},
{
  "model": "accounts.user",
  "pk": 13,
  "fields": {
    "password": "",
    "last_login": null,
    "is_superuser": false,
    "username": "piresfernando",
    "first_name": "Maria Luiza",
    "last_name": "Barros",
    "email": "da-luzana@example.com",
    "is_staff": false,
    "is_active": true,
    "date_joined": "2025-06-23T00:08:35.494Z",
    "phone_number": null,
    "address": "",
    "birth_date": null,
    "cpf": "982.015.346-89",
    "avatar": "",
    "bio": "",
    "data_nascimento": null,
    "genero": "M",
    "telefone": "",
    "whatsapp": "",
    "endereco": "",
    "cidade": "",
    "estado": "",
    "cep": "",
    "facebook": "",
    "twitter": "",
    "instagram": "",
    "linkedin": "",
    "website": "",
    "idioma": "",
    "fuso_horario": "",
    "perfil_publico": true,
    "mostrar_email": true,
    "mostrar_telefone": false,
    "tipo": 3,
    "organizacao": 3,
    "groups": [],
    "user_permissions": []
  }
},
{
  "model": "accounts.user",
  "pk": 14,
  "fields": {
    "password": "",
    "last_login": null,
    "is_superuser": false,
    "username": "francisconovaes",
    "first_name": "Diogo",
    "last_name": "Silveira",
    "email": "psilva@example.org",
    "is_staff": false,
    "is_active": true,
    "date_joined": "2025-06-23T00:08:35.500Z",
    "phone_number": null,
    "address": "",
    "birth_date": null,
    "cpf": "463.908.157-00",
    "avatar": "",
    "bio": "",
    "data_nascimento": null,
    "genero": "F",
    "telefone": "",
    "whatsapp": "",
    "endereco": "",
    "cidade": "",
    "estado": "",
    "cep": "",
    "facebook": "",
    "twitter": "",
    "instagram": "",
    "linkedin": "",
    "website": "",
    "idioma": "",
    "fuso_horario": "",
    "perfil_publico": true,
    "mostrar_email": true,
    "mostrar_telefone": false,
    "tipo": 3,
    "organizacao": 2,
    "groups": [],
    "user_permissions": []
  }
},
{
  "model": "accounts.user",
  "pk": 15,
  "fields": {
    "password": "",
    "last_login": null,
    "is_superuser": false,
    "username": "kbarbosa",
    "first_name": "Mirella",
    "last_name": "Barros",
    "email": "wcostela@example.org",
    "is_staff": false,
    "is_active": true,
    "date_joined": "2025-06-23T00:08:35.506Z",
    "phone_number": null,
    "address": "",
    "birth_date": null,
    "cpf": "416.527.890-49",
    "avatar": "",
    "bio": "",
    "data_nascimento": null,
    "genero": "M",
    "telefone": "",
    "whatsapp": "",
    "endereco": "",
    "cidade": "",
    "estado": "",
    "cep": "",
    "facebook": "",
    "twitter": "",
    "instagram": "",
    "linkedin": "",
    "website": "",
    "idioma": "",
    "fuso_horario": "",
    "perfil_publico": true,
    "mostrar_email": true,
    "mostrar_telefone": false,
    "tipo": 3,
    "organizacao": 3,
    "groups": [],
    "user_permissions": []
  }
},
{
  "model": "accounts.user",
  "pk": 16,
  "fields": {
    "password": "",
    "last_login": null,
    "is_superuser": false,
    "username": "ribeiromarcelo",
    "first_name": "Sofia",
    "last_name": "Rezende",
    "email": "nogueiragabrielly@example.com",
    "is_staff": false,
    "is_active": true,
    "date_joined": "2025-06-23T00:08:35.512Z",
    "phone_number": null,
    "address": "",
    "birth_date": null,
    "cpf": "904.756.231-34",
    "avatar": "",
    "bio": "",
    "data_nascimento": null,
    "genero": "M",
    "telefone": "",
    "whatsapp": "",
    "endereco": "",
    "cidade": "",
    "estado": "",
    "cep": "",
    "facebook": "",
    "twitter": "",
    "instagram": "",
    "linkedin": "",
    "website": "",
    "idioma": "",
    "fuso_horario": "",
    "perfil_publico": true,
    "mostrar_email": true,
    "mostrar_telefone": false,
    "tipo": 3,
    "organizacao": 2,
    "groups": [],
    "user_permissions": []
  }
},
{
  "model": "accounts.user",
  "pk": 17,
  "fields": {
    "password": "",
    "last_login": null,
    "is_superuser": false,
    "username": "emanuelpeixoto",
    "first_name": "Marcela",
    "last_name": "Costa",
    "email": "rochalarissa@example.org",
    "is_staff": false,
    "is_active": true,
    "date_joined": "2025-06-23T00:08:35.518Z",
    "phone_number": null,
    "address": "",
    "birth_date": null,
    "cpf": "720.516.849-01",
    "avatar": "",
    "bio": "",
    "data_nascimento": null,
    "genero": "M",
    "telefone": "",
    "whatsapp": "",
    "endereco": "",
    "cidade": "",
    "estado": "",
    "cep": "",
    "facebook": "",
    "twitter": "",
    "instagram": "",
    "linkedin": "",
    "website": "",
    "idioma": "",
    "fuso_horario": "",
    "perfil_publico": true,
    "mostrar_email": true,
    "mostrar_telefone": false,
    "tipo": 3,
    "organizacao": 3,
    "groups": [],
    "user_permissions": []
  }
},
{
  "model": "accounts.user",
  "pk": 18,
  "fields": {
    "password": "",
    "last_login": null,
    "is_superuser": false,
    "username": "elisa36",
    "first_name": "Rafael",
    "last_name": "Correia",
    "email": "evelyn29@example.com",
    "is_staff": false,
    "is_active": true,
    "date_joined": "2025-06-23T00:08:35.524Z",
    "phone_number": null,
    "address": "",
    "birth_date": null,
    "cpf": "237.849.506-47",
    "avatar": "",
    "bio": "",
    "data_nascimento": null,
    "genero": "M",
    "telefone": "",
    "whatsapp": "",
    "endereco": "",
    "cidade": "",
    "estado": "",
    "cep": "",
    "facebook": "",
    "twitter": "",
    "instagram": "",
    "linkedin": "",
    "website": "",
    "idioma": "",
    "fuso_horario": "",
    "perfil_publico": true,
    "mostrar_email": true,
    "mostrar_telefone": false,
    "tipo": 3,
    "organizacao": 3,
    "groups": [],
    "user_permissions": []
  }
},
{
  "model": "accounts.user",
  "pk": 19,
  "fields": {
    "password": "",
    "last_login": null,
    "is_superuser": false,
    "username": "isis84",
    "first_name": "Maria Julia",
    "last_name": "Azevedo",
    "email": "stephany91@example.com",
    "is_staff": false,
    "is_active": true,
    "date_joined": "2025-06-23T00:08:35.530Z",
    "phone_number": null,
    "address": "",
    "birth_date": null,
    "cpf": "263.541.078-07",
    "avatar": "",
    "bio": "",
    "data_nascimento": null,
    "genero": "F",
    "telefone": "",
    "whatsapp": "",
    "endereco": "",
    "cidade": "",
    "estado": "",
    "cep": "",
    "facebook": "",
    "twitter": "",
    "instagram": "",
    "linkedin": "",
    "website": "",
    "idioma": "",
    "fuso_horario": "",
    "perfil_publico": true,
    "mostrar_email": true,
    "mostrar_telefone": false,
    "tipo": 3,
    "organizacao": 2,
    "groups": [],
    "user_permissions": []
  }
},
{
  "model": "accounts.user",
  "pk": 20,
  "fields": {
    "password": "",
    "last_login": null,
    "is_superuser": false,
    "username": "camila32",
    "first_name": "Amanda",
    "last_name": "Porto",
    "email": "joao64@example.org",
    "is_staff": false,
    "is_active": true,
    "date_joined": "2025-06-23T00:08:35.536Z",
    "phone_number": null,
    "address": "",
    "birth_date": null,
    "cpf": "859.427.063-10",
    "avatar": "",
    "bio": "",
    "data_nascimento": null,
    "genero": "F",
    "telefone": "",
    "whatsapp": "",
    "endereco": "",
    "cidade": "",
    "estado": "",
    "cep": "",
    "facebook": "",
    "twitter": "",
    "instagram": "",
    "linkedin": "",
    "website": "",
    "idioma": "",
    "fuso_horario": "",
    "perfil_publico": true,
    "mostrar_email": true,
    "mostrar_telefone": false,
    "tipo": 3,
    "organizacao": 2,
    "groups": [],
    "user_permissions": []
  }
},
{
  "model": "accounts.user",
  "pk": 21,
  "fields": {
    "password": "",
    "last_login": null,
    "is_superuser": false,
    "username": "maria-cecilia13",
    "first_name": "Gabrielly",
    "last_name": "Oliveira",
    "email": "maite12@example.net",
    "is_staff": false,
    "is_active": true,
    "date_joined": "2025-06-23T00:08:35.542Z",
    "phone_number": null,
    "address": "",
    "birth_date": null,
    "cpf": "601.375.489-66",
    "avatar": "",
    "bio": "",
    "data_nascimento": null,
    "genero": "M",
    "telefone": "",
    "whatsapp": "",
    "endereco": "",
    "cidade": "",
    "estado": "",
    "cep": "",
    "facebook": "",
    "twitter": "",
    "instagram": "",
    "linkedin": "",
    "website": "",
    "idioma": "",
    "fuso_horario": "",
    "perfil_publico": true,
    "mostrar_email": true,
    "mostrar_telefone": false,
    "tipo": 3,
    "organizacao": 3,
    "groups": [],
    "user_permissions": []
  }
},
{
  "model": "accounts.user",
  "pk": 22,
  "fields": {
    "password": "",
    "last_login": null,
    "is_superuser": false,
    "username": "da-cruzgabriel",
    "first_name": "Maria Vitória",
    "last_name": "Ribeiro",
    "email": "igorcostela@example.com",
    "is_staff": false,
    "is_active": true,
    "date_joined": "2025-06-23T00:08:35.548Z",
    "phone_number": null,
    "address": "",
    "birth_date": null,
    "cpf": "283.749.610-31",
    "avatar": "",
    "bio": "",
    "data_nascimento": null,
    "genero": "F",
    "telefone": "",
    "whatsapp": "",
    "endereco": "",
    "cidade": "",
    "estado": "",
    "cep": "",
    "facebook": "",
    "twitter": "",
    "instagram": "",
    "linkedin": "",
    "website": "",
    "idioma": "",
    "fuso_horario": "",
    "perfil_publico": true,
    "mostrar_email": true,
    "mostrar_telefone": false,
    "tipo": 3,
    "organizacao": 3,
    "groups": [],
    "user_permissions": []
  }
},
{
  "model": "accounts.user",
  "pk": 23,
  "fields": {
    "password": "",
    "last_login": null,
    "is_superuser": false,
    "username": "tda-luz",
    "first_name": "Pietra",
    "last_name": "Rezende",
    "email": "camila41@example.com",
    "is_staff": false,
    "is_active": true,
    "date_joined": "2025-06-23T00:08:35.554Z",
    "phone_number": null,
    "address": "",
    "birth_date": null,
    "cpf": "062.354.718-07",
    "avatar": "",
    "bio": "",
    "data_nascimento": null,
    "genero": "F",
    "telefone": "",
    "whatsapp": "",
    "endereco": "",
    "cidade": "",
    "estado": "",
    "cep": "",
    "facebook": "",
    "twitter": "",
    "instagram": "",
    "linkedin": "",
    "website": "",
    "idioma": "",
    "fuso_horario": "",
    "perfil_publico": true,
    "mostrar_email": true,
    "mostrar_telefone": false,
    "tipo": 3,
    "organizacao": 2,
    "groups": [],
    "user_permissions": []
  }
},
{
  "model": "accounts.user",
  "pk": 24,
  "fields": {
    "password": "",
    "last_login": null,
    "is_superuser": false,
    "username": "sabrina42",
    "first_name": "Rodrigo",
    "last_name": "Melo",
    "email": "ksouza@example.org",
    "is_staff": false,
    "is_active": true,
    "date_joined": "2025-06-23T00:08:35.560Z",
    "phone_number": null,
    "address": "",
    "birth_date": null,
    "cpf": "178.265.409-76",
    "avatar": "",
    "bio": "",
    "data_nascimento": null,
    "genero": "F",
    "telefone": "",
    "whatsapp": "",
    "endereco": "",
    "cidade": "",
    "estado": "",
    "cep": "",
    "facebook": "",
    "twitter": "",
    "instagram": "",
    "linkedin": "",
    "website": "",
    "idioma": "",
    "fuso_horario": "",
    "perfil_publico": true,
    "mostrar_email": true,
    "mostrar_telefone": false,
    "tipo": 3,
    "organizacao": 2,
    "groups": [],
    "user_permissions": []
  }
},
{
  "model": "accounts.user",
  "pk": 25,
  "fields": {
    "password": "",
    "last_login": null,
    "is_superuser": false,
    "username": "da-matajoao-pedro",
    "first_name": "Marina",
    "last_name": "da Rosa",
    "email": "rochaenzo-gabriel@example.org",
    "is_staff": false,
    "is_active": true,
    "date_joined": "2025-06-23T00:08:35.566Z",
    "phone_number": null,
    "address": "",
    "birth_date": null,
    "cpf": "170.329.458-05",
    "avatar": "",
    "bio": "",
    "data_nascimento": null,
    "genero": "F",
    "telefone": "",
    "whatsapp": "",
    "endereco": "",
    "cidade": "",
    "estado": "",
    "cep": "",
    "facebook": "",
    "twitter": "",
    "instagram": "",
    "linkedin": "",
    "website": "",
    "idioma": "",
    "fuso_horario": "",
    "perfil_publico": true,
    "mostrar_email": true,
    "mostrar_telefone": false,
    "tipo": 3,
    "organizacao": 2,
    "groups": [],
    "user_permissions": []
  }
},
{
  "model": "accounts.user",
  "pk": 26,
  "fields": {
    "password": "",
    "last_login": null,
    "is_superuser": false,
    "username": "cardosojulia",
    "first_name": "Clara",
    "last_name": "Lima",
    "email": "mariane11@example.net",
    "is_staff": false,
    "is_active": true,
    "date_joined": "2025-06-23T00:08:35.572Z",
    "phone_number": null,
    "address": "",
    "birth_date": null,
    "cpf": "914.568.370-01",
    "avatar": "",
    "bio": "",
    "data_nascimento": null,
    "genero": "M",
    "telefone": "",
    "whatsapp": "",
    "endereco": "",
    "cidade": "",
    "estado": "",
    "cep": "",
    "facebook": "",
    "twitter": "",
    "instagram": "",
    "linkedin": "",
    "website": "",
    "idioma": "",
    "fuso_horario": "",
    "perfil_publico": true,
    "mostrar_email": true,
    "mostrar_telefone": false,
    "tipo": 3,
    "organizacao": 3,
    "groups": [],
    "user_permissions": []
  }
},
{
  "model": "accounts.user",
  "pk": 27,
  "fields": {
    "password": "",
    "last_login": null,
    "is_superuser": false,
    "username": "agathajesus",
    "first_name": "Cauê",
    "last_name": "Barros",
    "email": "hpinto@example.org",
    "is_staff": false,
    "is_active": true,
    "date_joined": "2025-06-23T00:08:35.577Z",
    "phone_number": null,
    "address": "",
    "birth_date": null,
    "cpf": "104.876.952-67",
    "avatar": "",
    "bio": "",
    "data_nascimento": null,
    "genero": "M",
    "telefone": "",
    "whatsapp": "",
    "endereco": "",
    "cidade": "",
    "estado": "",
    "cep": "",
    "facebook": "",
    "twitter": "",
    "instagram": "",
    "linkedin": "",
    "website": "",
    "idioma": "",
    "fuso_horario": "",
    "perfil_publico": true,
    "mostrar_email": true,
    "mostrar_telefone": false,
    "tipo": 3,
    "organizacao": 3,
    "groups": [],
    "user_permissions": []
  }
},
{
  "model": "accounts.user",
  "pk": 28,
  "fields": {
    "password": "",
    "last_login": null,
    "is_superuser": false,
    "username": "laviniada-mata",
    "first_name": "Maria Eduarda",
    "last_name": "Moreira",
    "email": "nda-costa@example.com",
    "is_staff": false,
    "is_active": true,
    "date_joined": "2025-06-23T00:08:35.584Z",
    "phone_number": null,
    "address": "",
    "birth_date": null,
    "cpf": "083.194.526-51",
    "avatar": "",
    "bio": "",
    "data_nascimento": null,
    "genero": "F",
    "telefone": "",
    "whatsapp": "",
    "endereco": "",
    "cidade": "",
    "estado": "",
    "cep": "",
    "facebook": "",
    "twitter": "",
    "instagram": "",
    "linkedin": "",
    "website": "",
    "idioma": "",
    "fuso_horario": "",
    "perfil_publico": true,
    "mostrar_email": true,
    "mostrar_telefone": false,
    "tipo": 3,
    "organizacao": 2,
    "groups": [],
    "user_permissions": []
  }
},
{
  "model": "accounts.user",
  "pk": 29,
  "fields": {
    "password": "",
    "last_login": null,
    "is_superuser": false,
    "username": "da-motamiguel",
    "first_name": "Marcos Vinicius",
    "last_name": "Aragão",
    "email": "gmonteiro@example.net",
    "is_staff": false,
    "is_active": true,
    "date_joined": "2025-06-23T00:08:35.591Z",
    "phone_number": null,
    "address": "",
    "birth_date": null,
    "cpf": "625.910.743-99",
    "avatar": "",
    "bio": "",
    "data_nascimento": null,
    "genero": "M",
    "telefone": "",
    "whatsapp": "",
    "endereco": "",
    "cidade": "",
    "estado": "",
    "cep": "",
    "facebook": "",
    "twitter": "",
    "instagram": "",
    "linkedin": "",
    "website": "",
    "idioma": "",
    "fuso_horario": "",
    "perfil_publico": true,
    "mostrar_email": true,
    "mostrar_telefone": false,
    "tipo": 3,
    "organizacao": 3,
    "groups": [],
    "user_permissions": []
  }
},
{
  "model": "accounts.user",
  "pk": 30,
  "fields": {
    "password": "",
    "last_login": null,
    "is_superuser": false,
    "username": "giovannadias",
    "first_name": "Gabriela",
    "last_name": "da Costa",
    "email": "breno45@example.com",
    "is_staff": false,
    "is_active": true,
    "date_joined": "2025-06-23T00:08:35.598Z",
    "phone_number": null,
    "address": "",
    "birth_date": null,
    "cpf": "368.925.014-51",
    "avatar": "",
    "bio": "",
    "data_nascimento": null,
    "genero": "F",
    "telefone": "",
    "whatsapp": "",
    "endereco": "",
    "cidade": "",
    "estado": "",
    "cep": "",
    "facebook": "",
    "twitter": "",
    "instagram": "",
    "linkedin": "",
    "website": "",
    "idioma": "",
    "fuso_horario": "",
    "perfil_publico": true,
    "mostrar_email": true,
    "mostrar_telefone": false,
    "tipo": 3,
    "organizacao": 3,
    "groups": [],
    "user_permissions": []
  }
},
{
  "model": "accounts.user",
  "pk": 31,
  "fields": {
    "password": "",
    "last_login": null,
    "is_superuser": false,
    "username": "maria-juliada-conceicao",
    "first_name": "Camila",
    "last_name": "Silva",
    "email": "nogueiravicente@example.net",
    "is_staff": false,
    "is_active": true,
    "date_joined": "2025-06-23T00:08:35.604Z",
    "phone_number": null,
    "address": "",
    "birth_date": null,
    "cpf": "305.867.124-53",
    "avatar": "",
    "bio": "",
    "data_nascimento": null,
    "genero": "M",
    "telefone": "",
    "whatsapp": "",
    "endereco": "",
    "cidade": "",
    "estado": "",
    "cep": "",
    "facebook": "",
    "twitter": "",
    "instagram": "",
    "linkedin": "",
    "website": "",
    "idioma": "",
    "fuso_horario": "",
    "perfil_publico": true,
    "mostrar_email": true,
    "mostrar_telefone": false,
    "tipo": 3,
    "organizacao": 3,
    "groups": [],
    "user_permissions": []
  }
},
{
  "model": "accounts.user",
  "pk": 32,
  "fields": {
    "password": "",
    "last_login": null,
    "is_superuser": false,
    "username": "pedro-lucas86",
    "first_name": "Gabrielly",
    "last_name": "Ferreira",
    "email": "mendesmelissa@example.net",
    "is_staff": false,
    "is_active": true,
    "date_joined": "2025-06-23T00:08:35.610Z",
    "phone_number": null,
    "address": "",
    "birth_date": null,
    "cpf": "784.926.531-91",
    "avatar": "",
    "bio": "",
    "data_nascimento": null,
    "genero": "M",
    "telefone": "",
    "whatsapp": "",
    "endereco": "",
    "cidade": "",
    "estado": "",
    "cep": "",
    "facebook": "",
    "twitter": "",
    "instagram": "",
    "linkedin": "",
    "website": "",
    "idioma": "",
    "fuso_horario": "",
    "perfil_publico": true,
    "mostrar_email": true,
    "mostrar_telefone": false,
    "tipo": 3,
    "organizacao": 2,
    "groups": [],
    "user_permissions": []
  }
},
{
  "model": "accounts.user",
  "pk": 33,
  "fields": {
    "password": "",
    "last_login": null,
    "is_superuser": false,
    "username": "pintodaniela",
    "first_name": "Danilo",
    "last_name": "Vieira",
    "email": "knovaes@example.com",
    "is_staff": false,
    "is_active": true,
    "date_joined": "2025-06-23T00:08:35.616Z",
    "phone_number": null,
    "address": "",
    "birth_date": null,
    "cpf": "691.783.042-96",
    "avatar": "",
    "bio": "",
    "data_nascimento": null,
    "genero": "F",
    "telefone": "",
    "whatsapp": "",
    "endereco": "",
    "cidade": "",
    "estado": "",
    "cep": "",
    "facebook": "",
    "twitter": "",
    "instagram": "",
    "linkedin": "",
    "website": "",
    "idioma": "",
    "fuso_horario": "",
    "perfil_publico": true,
    "mostrar_email": true,
    "mostrar_telefone": false,
    "tipo": 3,
    "organizacao": 2,
    "groups": [],
    "user_permissions": []
  }
},
{
  "model": "accounts.user",
  "pk": 34,
  "fields": {
    "password": "",
    "last_login": null,
    "is_superuser": false,
    "username": "maite96",
    "first_name": "Sabrina",
    "last_name": "Jesus",
    "email": "santosmanuela@example.org",
    "is_staff": false,
    "is_active": true,
    "date_joined": "2025-06-23T00:08:35.622Z",
    "phone_number": null,
    "address": "",
    "birth_date": null,
    "cpf": "045.738.169-84",
    "avatar": "",
    "bio": "",
    "data_nascimento": null,
    "genero": "M",
    "telefone": "",
    "whatsapp": "",
    "endereco": "",
    "cidade": "",
    "estado": "",
    "cep": "",
    "facebook": "",
    "twitter": "",
    "instagram": "",
    "linkedin": "",
    "website": "",
    "idioma": "",
    "fuso_horario": "",
    "perfil_publico": true,
    "mostrar_email": true,
    "mostrar_telefone": false,
    "tipo": 3,
    "organizacao": 3,
    "groups": [],
    "user_permissions": []
  }
},
{
  "model": "accounts.user",
  "pk": 35,
  "fields": {
    "password": "",
    "last_login": null,
    "is_superuser": false,
    "username": "joao-felipenascimento",
    "first_name": "Vitor Hugo",
    "last_name": "Cardoso",
    "email": "diasbenjamin@example.com",
    "is_staff": false,
    "is_active": true,
    "date_joined": "2025-06-23T00:08:35.627Z",
    "phone_number": null,
    "address": "",
    "birth_date": null,
    "cpf": "285.641.907-02",
    "avatar": "",
    "bio": "",
    "data_nascimento": null,
    "genero": "M",
    "telefone": "",
    "whatsapp": "",
    "endereco": "",
    "cidade": "",
    "estado": "",
    "cep": "",
    "facebook": "",
    "twitter": "",
    "instagram": "",
    "linkedin": "",
    "website": "",
    "idioma": "",
    "fuso_horario": "",
    "perfil_publico": true,
    "mostrar_email": true,
    "mostrar_telefone": false,
    "tipo": 3,
    "organizacao": 2,
    "groups": [],
    "user_permissions": []
  }
},
{
  "model": "accounts.user",
  "pk": 36,
  "fields": {
    "password": "",
    "last_login": null,
    "is_superuser": false,
    "username": "goncalvesmarcelo",
    "first_name": "Maysa",
    "last_name": "Costela",
    "email": "theo17@example.org",
    "is_staff": false,
    "is_active": true,
    "date_joined": "2025-06-23T00:08:35.633Z",
    "phone_number": null,
    "address": "",
    "birth_date": null,
    "cpf": "426.175.980-20",
    "avatar": "",
    "bio": "",
    "data_nascimento": null,
    "genero": "F",
    "telefone": "",
    "whatsapp": "",
    "endereco": "",
    "cidade": "",
    "estado": "",
    "cep": "",
    "facebook": "",
    "twitter": "",
    "instagram": "",
    "linkedin": "",
    "website": "",
    "idioma": "",
    "fuso_horario": "",
    "perfil_publico": true,
    "mostrar_email": true,
    "mostrar_telefone": false,
    "tipo": 3,
    "organizacao": 2,
    "groups": [],
    "user_permissions": []
  }
},
{
  "model": "accounts.user",
  "pk": 37,
  "fields": {
    "password": "",
    "last_login": null,
    "is_superuser": false,
    "username": "wjesus",
    "first_name": "Diogo",
    "last_name": "Costela",
    "email": "limalivia@example.com",
    "is_staff": false,
    "is_active": true,
    "date_joined": "2025-06-23T00:08:35.639Z",
    "phone_number": null,
    "address": "",
    "birth_date": null,
    "cpf": "623.419.857-00",
    "avatar": "",
    "bio": "",
    "data_nascimento": null,
    "genero": "F",
    "telefone": "",
    "whatsapp": "",
    "endereco": "",
    "cidade": "",
    "estado": "",
    "cep": "",
    "facebook": "",
    "twitter": "",
    "instagram": "",
    "linkedin": "",
    "website": "",
    "idioma": "",
    "fuso_horario": "",
    "perfil_publico": true,
    "mostrar_email": true,
    "mostrar_telefone": false,
    "tipo": 3,
    "organizacao": 3,
    "groups": [],
    "user_permissions": []
  }
},
{
  "model": "accounts.user",
  "pk": 38,
  "fields": {
    "password": "",
    "last_login": null,
    "is_superuser": false,
    "username": "caldeiradiego",
    "first_name": "Lívia",
    "last_name": "Campos",
    "email": "cunhamurilo@example.com",
    "is_staff": false,
    "is_active": true,
    "date_joined": "2025-06-23T00:08:35.645Z",
    "phone_number": null,
    "address": "",
    "birth_date": null,
    "cpf": "810.479.623-22",
    "avatar": "",
    "bio": "",
    "data_nascimento": null,
    "genero": "F",
    "telefone": "",
    "whatsapp": "",
    "endereco": "",
    "cidade": "",
    "estado": "",
    "cep": "",
    "facebook": "",
    "twitter": "",
    "instagram": "",
    "linkedin": "",
    "website": "",
    "idioma": "",
    "fuso_horario": "",
    "perfil_publico": true,
    "mostrar_email": true,
    "mostrar_telefone": false,
    "tipo": 3,
    "organizacao": 2,
    "groups": [],
    "user_permissions": []
  }
},
{
  "model": "accounts.user",
  "pk": 39,
  "fields": {
    "password": "",
    "last_login": null,
    "is_superuser": false,
    "username": "rrodrigues",
    "first_name": "Stephany",
    "last_name": "Costela",
    "email": "cecilia69@example.net",
    "is_staff": false,
    "is_active": true,
    "date_joined": "2025-06-23T00:08:35.651Z",
    "phone_number": null,
    "address": "",
    "birth_date": null,
    "cpf": "860.359.271-30",
    "avatar": "",
    "bio": "",
    "data_nascimento": null,
    "genero": "F",
    "telefone": "",
    "whatsapp": "",
    "endereco": "",
    "cidade": "",
    "estado": "",
    "cep": "",
    "facebook": "",
    "twitter": "",
    "instagram": "",
    "linkedin": "",
    "website": "",
    "idioma": "",
    "fuso_horario": "",
    "perfil_publico": true,
    "mostrar_email": true,
    "mostrar_telefone": false,
    "tipo": 3,
    "organizacao": 3,
    "groups": [],
    "user_permissions": []
  }
},
{
  "model": "accounts.user",
  "pk": 40,
  "fields": {
    "password": "",
    "last_login": null,
    "is_superuser": false,
    "username": "da-motaenzo-gabriel",
    "first_name": "Maria",
    "last_name": "Freitas",
    "email": "fariasarthur@example.net",
    "is_staff": false,
    "is_active": true,
    "date_joined": "2025-06-23T00:08:35.656Z",
    "phone_number": null,
    "address": "",
    "birth_date": null,
    "cpf": "752.684.193-82",
    "avatar": "",
    "bio": "",
    "data_nascimento": null,
    "genero": "F",
    "telefone": "",
    "whatsapp": "",
    "endereco": "",
    "cidade": "",
    "estado": "",
    "cep": "",
    "facebook": "",
    "twitter": "",
    "instagram": "",
    "linkedin": "",
    "website": "",
    "idioma": "",
    "fuso_horario": "",
    "perfil_publico": true,
    "mostrar_email": true,
    "mostrar_telefone": false,
    "tipo": 3,
    "organizacao": 3,
    "groups": [],
    "user_permissions": []
  }
},
{
  "model": "accounts.user",
  "pk": 41,
  "fields": {
    "password": "",
    "last_login": null,
    "is_superuser": false,
    "username": "vitor-hugo94",
    "first_name": "Gustavo",
    "last_name": "Cardoso",
    "email": "pintorodrigo@example.com",
    "is_staff": false,
    "is_active": true,
    "date_joined": "2025-06-23T00:08:35.662Z",
    "phone_number": null,
    "address": "",
    "birth_date": null,
    "cpf": "824.579.103-23",
    "avatar": "",
    "bio": "",
    "data_nascimento": null,
    "genero": "M",
    "telefone": "",
    "whatsapp": "",
    "endereco": "",
    "cidade": "",
    "estado": "",
    "cep": "",
    "facebook": "",
    "twitter": "",
    "instagram": "",
    "linkedin": "",
    "website": "",
    "idioma": "",
    "fuso_horario": "",
    "perfil_publico": true,
    "mostrar_email": true,
    "mostrar_telefone": false,
    "tipo": 3,
    "organizacao": 2,
    "groups": [],
    "user_permissions": []
  }
},
{
  "model": "accounts.user",
  "pk": 42,
  "fields": {
    "password": "",
    "last_login": null,
    "is_superuser": false,
    "username": "haraujo",
    "first_name": "Isabelly",
    "last_name": "Jesus",
    "email": "mda-conceicao@example.com",
    "is_staff": false,
    "is_active": true,
    "date_joined": "2025-06-23T00:08:35.668Z",
    "phone_number": null,
    "address": "",
    "birth_date": null,
    "cpf": "497.132.865-37",
    "avatar": "",
    "bio": "",
    "data_nascimento": null,
    "genero": "M",
    "telefone": "",
    "whatsapp": "",
    "endereco": "",
    "cidade": "",
    "estado": "",
    "cep": "",
    "facebook": "",
    "twitter": "",
    "instagram": "",
    "linkedin": "",
    "website": "",
    "idioma": "",
    "fuso_horario": "",
    "perfil_publico": true,
    "mostrar_email": true,
    "mostrar_telefone": false,
    "tipo": 3,
    "organizacao": 3,
    "groups": [],
    "user_permissions": []
  }
},
{
  "model": "accounts.user",
  "pk": 43,
  "fields": {
    "password": "",
    "last_login": null,
    "is_superuser": false,
    "username": "luccasales",
    "first_name": "Emanuel",
    "last_name": "Nogueira",
    "email": "ccardoso@example.com",
    "is_staff": false,
    "is_active": true,
    "date_joined": "2025-06-23T00:08:35.673Z",
    "phone_number": null,
    "address": "",
    "birth_date": null,
    "cpf": "863.590.412-51",
    "avatar": "",
    "bio": "",
    "data_nascimento": null,
    "genero": "F",
    "telefone": "",
    "whatsapp": "",
    "endereco": "",
    "cidade": "",
    "estado": "",
    "cep": "",
    "facebook": "",
    "twitter": "",
    "instagram": "",
    "linkedin": "",
    "website": "",
    "idioma": "",
    "fuso_horario": "",
    "perfil_publico": true,
    "mostrar_email": true,
    "mostrar_telefone": false,
    "tipo": 3,
    "organizacao": 2,
    "groups": [],
    "user_permissions": []
  }
},
{
  "model": "accounts.user",
  "pk": 44,
  "fields": {
    "password": "",
    "last_login": null,
    "is_superuser": false,
    "username": "ymoraes",
    "first_name": "Sophia",
    "last_name": "Fogaça",
    "email": "diogoda-cunha@example.net",
    "is_staff": false,
    "is_active": true,
    "date_joined": "2025-06-23T00:08:35.679Z",
    "phone_number": null,
    "address": "",
    "birth_date": null,
    "cpf": "459.176.830-93",
    "avatar": "",
    "bio": "",
    "data_nascimento": null,
    "genero": "F",
    "telefone": "",
    "whatsapp": "",
    "endereco": "",
    "cidade": "",
    "estado": "",
    "cep": "",
    "facebook": "",
    "twitter": "",
    "instagram": "",
    "linkedin": "",
    "website": "",
    "idioma": "",
    "fuso_horario": "",
    "perfil_publico": true,
    "mostrar_email": true,
    "mostrar_telefone": false,
    "tipo": 3,
    "organizacao": 2,
    "groups": [],
    "user_permissions": []
  }
},
{
  "model": "accounts.user",
  "pk": 45,
  "fields": {
    "password": "",
    "last_login": null,
    "is_superuser": false,
    "username": "ana-laura10",
    "first_name": "Ana Laura",
    "last_name": "Farias",
    "email": "moraesmaria-julia@example.org",
    "is_staff": false,
    "is_active": true,
    "date_joined": "2025-06-23T00:08:35.686Z",
    "phone_number": null,
    "address": "",
    "birth_date": null,
    "cpf": "510.468.297-85",
    "avatar": "",
    "bio": "",
    "data_nascimento": null,
    "genero": "F",
    "telefone": "",
    "whatsapp": "",
    "endereco": "",
    "cidade": "",
    "estado": "",
    "cep": "",
    "facebook": "",
    "twitter": "",
    "instagram": "",
    "linkedin": "",
    "website": "",
    "idioma": "",
    "fuso_horario": "",
    "perfil_publico": true,
    "mostrar_email": true,
    "mostrar_telefone": false,
    "tipo": 3,
    "organizacao": 2,
    "groups": [],
    "user_permissions": []
  }
},
{
  "model": "accounts.user",
  "pk": 46,
  "fields": {
    "password": "",
    "last_login": null,
    "is_superuser": false,
    "username": "davi-luizsilva",
    "first_name": "Milena",
    "last_name": "Gomes",
    "email": "luigimelo@example.org",
    "is_staff": false,
    "is_active": true,
    "date_joined": "2025-06-23T00:08:35.692Z",
    "phone_number": null,
    "address": "",
    "birth_date": null,
    "cpf": "352.649.081-33",
    "avatar": "",
    "bio": "",
    "data_nascimento": null,
    "genero": "F",
    "telefone": "",
    "whatsapp": "",
    "endereco": "",
    "cidade": "",
    "estado": "",
    "cep": "",
    "facebook": "",
    "twitter": "",
    "instagram": "",
    "linkedin": "",
    "website": "",
    "idioma": "",
    "fuso_horario": "",
    "perfil_publico": true,
    "mostrar_email": true,
    "mostrar_telefone": false,
    "tipo": 3,
    "organizacao": 2,
    "groups": [],
    "user_permissions": []
  }
},
{
  "model": "accounts.user",
  "pk": 47,
  "fields": {
    "password": "",
    "last_login": null,
    "is_superuser": false,
    "username": "santosmarcela",
    "first_name": "Maysa",
    "last_name": "da Rocha",
    "email": "da-conceicaosamuel@example.net",
    "is_staff": false,
    "is_active": true,
    "date_joined": "2025-06-23T00:08:35.697Z",
    "phone_number": null,
    "address": "",
    "birth_date": null,
    "cpf": "095.871.642-02",
    "avatar": "",
    "bio": "",
    "data_nascimento": null,
    "genero": "F",
    "telefone": "",
    "whatsapp": "",
    "endereco": "",
    "cidade": "",
    "estado": "",
    "cep": "",
    "facebook": "",
    "twitter": "",
    "instagram": "",
    "linkedin": "",
    "website": "",
    "idioma": "",
    "fuso_horario": "",
    "perfil_publico": true,
    "mostrar_email": true,
    "mostrar_telefone": false,
    "tipo": 3,
    "organizacao": 2,
    "groups": [],
    "user_permissions": []
  }
},
{
  "model": "accounts.user",
  "pk": 48,
  "fields": {
    "password": "",
    "last_login": null,
    "is_superuser": false,
    "username": "nda-mata",
    "first_name": "Ian",
    "last_name": "Castro",
    "email": "limamaria-vitoria@example.net",
    "is_staff": false,
    "is_active": true,
    "date_joined": "2025-06-23T00:08:35.703Z",
    "phone_number": null,
    "address": "",
    "birth_date": null,
    "cpf": "418.297.635-55",
    "avatar": "",
    "bio": "",
    "data_nascimento": null,
    "genero": "F",
    "telefone": "",
    "whatsapp": "",
    "endereco": "",
    "cidade": "",
    "estado": "",
    "cep": "",
    "facebook": "",
    "twitter": "",
    "instagram": "",
    "linkedin": "",
    "website": "",
    "idioma": "",
    "fuso_horario": "",
    "perfil_publico": true,
    "mostrar_email": true,
    "mostrar_telefone": false,
    "tipo": 3,
    "organizacao": 3,
    "groups": [],
    "user_permissions": []
  }
},
{
  "model": "accounts.user",
  "pk": 49,
  "fields": {
    "password": "",
    "last_login": null,
    "is_superuser": false,
    "username": "oda-costa",
    "first_name": "Marcos Vinicius",
    "last_name": "da Mata",
    "email": "ana87@example.com",
    "is_staff": false,
    "is_active": true,
    "date_joined": "2025-06-23T00:08:35.709Z",
    "phone_number": null,
    "address": "",
    "birth_date": null,
    "cpf": "296.173.058-95",
    "avatar": "",
    "bio": "",
    "data_nascimento": null,
    "genero": "M",
    "telefone": "",
    "whatsapp": "",
    "endereco": "",
    "cidade": "",
    "estado": "",
    "cep": "",
    "facebook": "",
    "twitter": "",
    "instagram": "",
    "linkedin": "",
    "website": "",
    "idioma": "",
    "fuso_horario": "",
    "perfil_publico": true,
    "mostrar_email": true,
    "mostrar_telefone": false,
    "tipo": 3,
    "organizacao": 2,
    "groups": [],
    "user_permissions": []
  }
},
{
  "model": "accounts.user",
  "pk": 50,
  "fields": {
    "password": "",
    "last_login": null,
    "is_superuser": false,
    "username": "pda-rocha",
    "first_name": "Luiz Henrique",
    "last_name": "Porto",
    "email": "ida-paz@example.net",
    "is_staff": false,
    "is_active": true,
    "date_joined": "2025-06-23T00:08:35.715Z",
    "phone_number": null,
    "address": "",
    "birth_date": null,
    "cpf": "287.403.695-10",
    "avatar": "",
    "bio": "",
    "data_nascimento": null,
    "genero": "F",
    "telefone": "",
    "whatsapp": "",
    "endereco": "",
    "cidade": "",
    "estado": "",
    "cep": "",
    "facebook": "",
    "twitter": "",
    "instagram": "",
    "linkedin": "",
    "website": "",
    "idioma": "",
    "fuso_horario": "",
    "perfil_publico": true,
    "mostrar_email": true,
    "mostrar_telefone": false,
    "tipo": 3,
    "organizacao": 2,
    "groups": [],
    "user_permissions": []
  }
},
{
  "model": "accounts.user",
  "pk": 51,
  "fields": {
    "password": "",
    "last_login": null,
    "is_superuser": false,
    "username": "rodrigobarbosa",
    "first_name": "Camila",
    "last_name": "Dias",
    "email": "felipe42@example.com",
    "is_staff": false,
    "is_active": true,
    "date_joined": "2025-06-23T00:08:35.720Z",
    "phone_number": null,
    "address": "",
    "birth_date": null,
    "cpf": "629.310.548-60",
    "avatar": "",
    "bio": "",
    "data_nascimento": null,
    "genero": "M",
    "telefone": "",
    "whatsapp": "",
    "endereco": "",
    "cidade": "",
    "estado": "",
    "cep": "",
    "facebook": "",
    "twitter": "",
    "instagram": "",
    "linkedin": "",
    "website": "",
    "idioma": "",
    "fuso_horario": "",
    "perfil_publico": true,
    "mostrar_email": true,
    "mostrar_telefone": false,
    "tipo": 3,
    "organizacao": 3,
    "groups": [],
    "user_permissions": []
  }
},
{
  "model": "accounts.user",
  "pk": 52,
  "fields": {
    "password": "",
    "last_login": null,
    "is_superuser": false,
    "username": "peixotomaria",
    "first_name": "Ana Vitória",
    "last_name": "Correia",
    "email": "rnogueira@example.net",
    "is_staff": false,
    "is_active": true,
    "date_joined": "2025-06-23T00:08:35.726Z",
    "phone_number": null,
    "address": "",
    "birth_date": null,
    "cpf": "631.580.429-24",
    "avatar": "",
    "bio": "",
    "data_nascimento": null,
    "genero": "F",
    "telefone": "",
    "whatsapp": "",
    "endereco": "",
    "cidade": "",
    "estado": "",
    "cep": "",
    "facebook": "",
    "twitter": "",
    "instagram": "",
    "linkedin": "",
    "website": "",
    "idioma": "",
    "fuso_horario": "",
    "perfil_publico": true,
    "mostrar_email": true,
    "mostrar_telefone": false,
    "tipo": 3,
    "organizacao": 3,
    "groups": [],
    "user_permissions": []
  }
},
{
  "model": "accounts.user",
  "pk": 53,
  "fields": {
    "password": "",
    "last_login": null,
    "is_superuser": false,
    "username": "joao-pedro82",
    "first_name": "Larissa",
    "last_name": "Rocha",
    "email": "peixotopedro-lucas@example.net",
    "is_staff": false,
    "is_active": true,
    "date_joined": "2025-06-23T00:08:35.732Z",
    "phone_number": null,
    "address": "",
    "birth_date": null,
    "cpf": "416.308.729-03",
    "avatar": "",
    "bio": "",
    "data_nascimento": null,
    "genero": "F",
    "telefone": "",
    "whatsapp": "",
    "endereco": "",
    "cidade": "",
    "estado": "",
    "cep": "",
    "facebook": "",
    "twitter": "",
    "instagram": "",
    "linkedin": "",
    "website": "",
    "idioma": "",
    "fuso_horario": "",
    "perfil_publico": true,
    "mostrar_email": true,
    "mostrar_telefone": false,
    "tipo": 3,
    "organizacao": 3,
    "groups": [],
    "user_permissions": []
  }
},
{
  "model": "accounts.user",
  "pk": 54,
  "fields": {
    "password": "",
    "last_login": null,
    "is_superuser": false,
    "username": "mteixeira",
    "first_name": "Vitor",
    "last_name": "Duarte",
    "email": "fernandesjoana@example.net",
    "is_staff": false,
    "is_active": true,
    "date_joined": "2025-06-23T00:08:35.739Z",
    "phone_number": null,
    "address": "",
    "birth_date": null,
    "cpf": "092.314.785-32",
    "avatar": "",
    "bio": "",
    "data_nascimento": null,
    "genero": "F",
    "telefone": "",
    "whatsapp": "",
    "endereco": "",
    "cidade": "",
    "estado": "",
    "cep": "",
    "facebook": "",
    "twitter": "",
    "instagram": "",
    "linkedin": "",
    "website": "",
    "idioma": "",
    "fuso_horario": "",
    "perfil_publico": true,
    "mostrar_email": true,
    "mostrar_telefone": false,
    "tipo": 3,
    "organizacao": 2,
    "groups": [],
    "user_permissions": []
  }
},
{
  "model": "accounts.user",
  "pk": 55,
  "fields": {
    "password": "",
    "last_login": null,
    "is_superuser": false,
    "username": "pereirajoana",
    "first_name": "Davi Lucas",
    "last_name": "da Mata",
    "email": "kaique10@example.com",
    "is_staff": false,
    "is_active": true,
    "date_joined": "2025-06-23T00:08:35.745Z",
    "phone_number": null,
    "address": "",
    "birth_date": null,
    "cpf": "054.136.728-53",
    "avatar": "",
    "bio": "",
    "data_nascimento": null,
    "genero": "M",
    "telefone": "",
    "whatsapp": "",
    "endereco": "",
    "cidade": "",
    "estado": "",
    "cep": "",
    "facebook": "",
    "twitter": "",
    "instagram": "",
    "linkedin": "",
    "website": "",
    "idioma": "",
    "fuso_horario": "",
    "perfil_publico": true,
    "mostrar_email": true,
    "mostrar_telefone": false,
    "tipo": 3,
    "organizacao": 3,
    "groups": [],
    "user_permissions": []
  }
},
{
  "model": "accounts.user",
  "pk": 56,
  "fields": {
    "password": "",
    "last_login": null,
    "is_superuser": false,
    "username": "alicia80",
    "first_name": "João Lucas",
    "last_name": "Carvalho",
    "email": "pda-mota@example.net",
    "is_staff": false,
    "is_active": true,
    "date_joined": "2025-06-23T00:08:35.751Z",
    "phone_number": null,
    "address": "",
    "birth_date": null,
    "cpf": "578.692.034-83",
    "avatar": "",
    "bio": "",
    "data_nascimento": null,
    "genero": "F",
    "telefone": "",
    "whatsapp": "",
    "endereco": "",
    "cidade": "",
    "estado": "",
    "cep": "",
    "facebook": "",
    "twitter": "",
    "instagram": "",
    "linkedin": "",
    "website": "",
    "idioma": "",
    "fuso_horario": "",
    "perfil_publico": true,
    "mostrar_email": true,
    "mostrar_telefone": false,
    "tipo": 3,
    "organizacao": 2,
    "groups": [],
    "user_permissions": []
  }
},
{
  "model": "accounts.user",
  "pk": 57,
  "fields": {
    "password": "",
    "last_login": null,
    "is_superuser": false,
    "username": "vcardoso",
    "first_name": "Lucas Gabriel",
    "last_name": "Barbosa",
    "email": "daviazevedo@example.com",
    "is_staff": false,
    "is_active": true,
    "date_joined": "2025-06-23T00:08:35.756Z",
    "phone_number": null,
    "address": "",
    "birth_date": null,
    "cpf": "286.175.904-67",
    "avatar": "",
    "bio": "",
    "data_nascimento": null,
    "genero": "F",
    "telefone": "",
    "whatsapp": "",
    "endereco": "",
    "cidade": "",
    "estado": "",
    "cep": "",
    "facebook": "",
    "twitter": "",
    "instagram": "",
    "linkedin": "",
    "website": "",
    "idioma": "",
    "fuso_horario": "",
    "perfil_publico": true,
    "mostrar_email": true,
    "mostrar_telefone": false,
    "tipo": 3,
    "organizacao": 2,
    "groups": [],
    "user_permissions": []
  }
},
{
  "model": "accounts.user",
  "pk": 58,
  "fields": {
    "password": "",
    "last_login": null,
    "is_superuser": false,
    "username": "salesbruno",
    "first_name": "Gustavo",
    "last_name": "Campos",
    "email": "rafaela30@example.org",
    "is_staff": false,
    "is_active": true,
    "date_joined": "2025-06-23T00:08:35.763Z",
    "phone_number": null,
    "address": "",
    "birth_date": null,
    "cpf": "352.476.890-38",
    "avatar": "",
    "bio": "",
    "data_nascimento": null,
    "genero": "F",
    "telefone": "",
    "whatsapp": "",
    "endereco": "",
    "cidade": "",
    "estado": "",
    "cep": "",
    "facebook": "",
    "twitter": "",
    "instagram": "",
    "linkedin": "",
    "website": "",
    "idioma": "",
    "fuso_horario": "",
    "perfil_publico": true,
    "mostrar_email": true,
    "mostrar_telefone": false,
    "tipo": 3,
    "organizacao": 3,
    "groups": [],
    "user_permissions": []
  }
},
{
  "model": "accounts.user",
  "pk": 59,
  "fields": {
    "password": "",
    "last_login": null,
    "is_superuser": false,
    "username": "oda-cunha",
    "first_name": "Amanda",
    "last_name": "da Mata",
    "email": "thiagoferreira@example.net",
    "is_staff": false,
    "is_active": true,
    "date_joined": "2025-06-23T00:08:35.771Z",
    "phone_number": null,
    "address": "",
    "birth_date": null,
    "cpf": "649.512.803-70",
    "avatar": "",
    "bio": "",
    "data_nascimento": null,
    "genero": "M",
    "telefone": "",
    "whatsapp": "",
    "endereco": "",
    "cidade": "",
    "estado": "",
    "cep": "",
    "facebook": "",
    "twitter": "",
    "instagram": "",
    "linkedin": "",
    "website": "",
    "idioma": "",
    "fuso_horario": "",
    "perfil_publico": true,
    "mostrar_email": true,
    "mostrar_telefone": false,
    "tipo": 3,
    "organizacao": 3,
    "groups": [],
    "user_permissions": []
  }
},
{
  "model": "accounts.user",
  "pk": 60,
  "fields": {
    "password": "",
    "last_login": null,
    "is_superuser": false,
    "username": "julia52",
    "first_name": "Sophie",
    "last_name": "Fogaça",
    "email": "ana-luiza54@example.com",
    "is_staff": false,
    "is_active": true,
    "date_joined": "2025-06-23T00:08:35.777Z",
    "phone_number": null,
    "address": "",
    "birth_date": null,
    "cpf": "273.615.894-64",
    "avatar": "",
    "bio": "",
    "data_nascimento": null,
    "genero": "F",
    "telefone": "",
    "whatsapp": "",
    "endereco": "",
    "cidade": "",
    "estado": "",
    "cep": "",
    "facebook": "",
    "twitter": "",
    "instagram": "",
    "linkedin": "",
    "website": "",
    "idioma": "",
    "fuso_horario": "",
    "perfil_publico": true,
    "mostrar_email": true,
    "mostrar_telefone": false,
    "tipo": 3,
    "organizacao": 2,
    "groups": [],
    "user_permissions": []
  }
},
{
  "model": "accounts.user",
  "pk": 61,
  "fields": {
    "password": "",
    "last_login": null,
    "is_superuser": false,
    "username": "ana-juliarezende",
    "first_name": "Camila",
    "last_name": "Castro",
    "email": "augustoda-costa@example.com",
    "is_staff": false,
    "is_active": true,
    "date_joined": "2025-06-23T00:08:35.783Z",
    "phone_number": null,
    "address": "",
    "birth_date": null,
    "cpf": "235.947.180-50",
    "avatar": "",
    "bio": "",
    "data_nascimento": null,
    "genero": "F",
    "telefone": "",
    "whatsapp": "",
    "endereco": "",
    "cidade": "",
    "estado": "",
    "cep": "",
    "facebook": "",
    "twitter": "",
    "instagram": "",
    "linkedin": "",
    "website": "",
    "idioma": "",
    "fuso_horario": "",
    "perfil_publico": true,
    "mostrar_email": true,
    "mostrar_telefone": false,
    "tipo": 3,
    "organizacao": 3,
    "groups": [],
    "user_permissions": []
  }
},
{
  "model": "accounts.user",
  "pk": 62,
  "fields": {
    "password": "",
    "last_login": null,
    "is_superuser": false,
    "username": "maria-sophiaferreira",
    "first_name": "Eduarda",
    "last_name": "Cavalcanti",
    "email": "rochamaria@example.net",
    "is_staff": false,
    "is_active": true,
    "date_joined": "2025-06-23T00:08:35.789Z",
    "phone_number": null,
    "address": "",
    "birth_date": null,
    "cpf": "263.851.709-77",
    "avatar": "",
    "bio": "",
    "data_nascimento": null,
    "genero": "M",
    "telefone": "",
    "whatsapp": "",
    "endereco": "",
    "cidade": "",
    "estado": "",
    "cep": "",
    "facebook": "",
    "twitter": "",
    "instagram": "",
    "linkedin": "",
    "website": "",
    "idioma": "",
    "fuso_horario": "",
    "perfil_publico": true,
    "mostrar_email": true,
    "mostrar_telefone": false,
    "tipo": 3,
    "organizacao": 2,
    "groups": [],
    "user_permissions": []
  }
},
{
  "model": "accounts.user",
  "pk": 63,
  "fields": {
    "password": "",
    "last_login": null,
    "is_superuser": false,
    "username": "amanda92",
    "first_name": "Kevin",
    "last_name": "Ribeiro",
    "email": "eloah19@example.com",
    "is_staff": false,
    "is_active": true,
    "date_joined": "2025-06-23T00:08:35.795Z",
    "phone_number": null,
    "address": "",
    "birth_date": null,
    "cpf": "831.690.754-20",
    "avatar": "",
    "bio": "",
    "data_nascimento": null,
    "genero": "M",
    "telefone": "",
    "whatsapp": "",
    "endereco": "",
    "cidade": "",
    "estado": "",
    "cep": "",
    "facebook": "",
    "twitter": "",
    "instagram": "",
    "linkedin": "",
    "website": "",
    "idioma": "",
    "fuso_horario": "",
    "perfil_publico": true,
    "mostrar_email": true,
    "mostrar_telefone": false,
    "tipo": 3,
    "organizacao": 3,
    "groups": [],
    "user_permissions": []
  }
},
{
  "model": "accounts.user",
  "pk": 64,
  "fields": {
    "password": "",
    "last_login": null,
    "is_superuser": false,
    "username": "rafaela59",
    "first_name": "Marcela",
    "last_name": "da Mota",
    "email": "fariasmaria-julia@example.org",
    "is_staff": false,
    "is_active": true,
    "date_joined": "2025-06-23T00:08:35.801Z",
    "phone_number": null,
    "address": "",
    "birth_date": null,
    "cpf": "105.698.347-75",
    "avatar": "",
    "bio": "",
    "data_nascimento": null,
    "genero": "F",
    "telefone": "",
    "whatsapp": "",
    "endereco": "",
    "cidade": "",
    "estado": "",
    "cep": "",
    "facebook": "",
    "twitter": "",
    "instagram": "",
    "linkedin": "",
    "website": "",
    "idioma": "",
    "fuso_horario": "",
    "perfil_publico": true,
    "mostrar_email": true,
    "mostrar_telefone": false,
    "tipo": 3,
    "organizacao": 3,
    "groups": [],
    "user_permissions": []
  }
},
{
  "model": "accounts.user",
  "pk": 65,
  "fields": {
    "password": "",
    "last_login": null,
    "is_superuser": false,
    "username": "arezende",
    "first_name": "Maria Clara",
    "last_name": "Lima",
    "email": "wda-cruz@example.org",
    "is_staff": false,
    "is_active": true,
    "date_joined": "2025-06-23T00:08:35.807Z",
    "phone_number": null,
    "address": "",
    "birth_date": null,
    "cpf": "419.867.035-84",
    "avatar": "",
    "bio": "",
    "data_nascimento": null,
    "genero": "M",
    "telefone": "",
    "whatsapp": "",
    "endereco": "",
    "cidade": "",
    "estado": "",
    "cep": "",
    "facebook": "",
    "twitter": "",
    "instagram": "",
    "linkedin": "",
    "website": "",
    "idioma": "",
    "fuso_horario": "",
    "perfil_publico": true,
    "mostrar_email": true,
    "mostrar_telefone": false,
    "tipo": 3,
    "organizacao": 3,
    "groups": [],
    "user_permissions": []
  }
},
{
  "model": "accounts.user",
  "pk": 66,
  "fields": {
    "password": "",
    "last_login": null,
    "is_superuser": false,
    "username": "eduardo43",
    "first_name": "Sarah",
    "last_name": "Vieira",
    "email": "barbara65@example.org",
    "is_staff": false,
    "is_active": true,
    "date_joined": "2025-06-23T00:08:35.814Z",
    "phone_number": null,
    "address": "",
    "birth_date": null,
    "cpf": "462.903.158-89",
    "avatar": "",
    "bio": "",
    "data_nascimento": null,
    "genero": "F",
    "telefone": "",
    "whatsapp": "",
    "endereco": "",
    "cidade": "",
    "estado": "",
    "cep": "",
    "facebook": "",
    "twitter": "",
    "instagram": "",
    "linkedin": "",
    "website": "",
    "idioma": "",
    "fuso_horario": "",
    "perfil_publico": true,
    "mostrar_email": true,
    "mostrar_telefone": false,
    "tipo": 3,
    "organizacao": 3,
    "groups": [],
    "user_permissions": []
  }
},
{
  "model": "accounts.user",
  "pk": 67,
  "fields": {
    "password": "",
    "last_login": null,
    "is_superuser": false,
    "username": "clara00",
    "first_name": "Maria Clara",
    "last_name": "Nogueira",
    "email": "silveiraesther@example.com",
    "is_staff": false,
    "is_active": true,
    "date_joined": "2025-06-23T00:08:35.820Z",
    "phone_number": null,
    "address": "",
    "birth_date": null,
    "cpf": "631.758.420-62",
    "avatar": "",
    "bio": "",
    "data_nascimento": null,
    "genero": "F",
    "telefone": "",
    "whatsapp": "",
    "endereco": "",
    "cidade": "",
    "estado": "",
    "cep": "",
    "facebook": "",
    "twitter": "",
    "instagram": "",
    "linkedin": "",
    "website": "",
    "idioma": "",
    "fuso_horario": "",
    "perfil_publico": true,
    "mostrar_email": true,
    "mostrar_telefone": false,
    "tipo": 3,
    "organizacao": 2,
    "groups": [],
    "user_permissions": []
  }
},
{
  "model": "accounts.user",
  "pk": 68,
  "fields": {
    "password": "",
    "last_login": null,
    "is_superuser": false,
    "username": "nicolasoliveira",
    "first_name": "Cauê",
    "last_name": "da Mata",
    "email": "das-nevesrafael@example.org",
    "is_staff": false,
    "is_active": true,
    "date_joined": "2025-06-23T00:08:35.826Z",
    "phone_number": null,
    "address": "",
    "birth_date": null,
    "cpf": "139.846.257-82",
    "avatar": "",
    "bio": "",
    "data_nascimento": null,
    "genero": "F",
    "telefone": "",
    "whatsapp": "",
    "endereco": "",
    "cidade": "",
    "estado": "",
    "cep": "",
    "facebook": "",
    "twitter": "",
    "instagram": "",
    "linkedin": "",
    "website": "",
    "idioma": "",
    "fuso_horario": "",
    "perfil_publico": true,
    "mostrar_email": true,
    "mostrar_telefone": false,
    "tipo": 3,
    "organizacao": 3,
    "groups": [],
    "user_permissions": []
  }
},
{
  "model": "accounts.user",
  "pk": 69,
  "fields": {
    "password": "",
    "last_login": null,
    "is_superuser": false,
    "username": "eloahbarbosa",
    "first_name": "Ana Clara",
    "last_name": "Oliveira",
    "email": "moraesesther@example.net",
    "is_staff": false,
    "is_active": true,
    "date_joined": "2025-06-23T00:08:35.832Z",
    "phone_number": null,
    "address": "",
    "birth_date": null,
    "cpf": "830.546.729-56",
    "avatar": "",
    "bio": "",
    "data_nascimento": null,
    "genero": "F",
    "telefone": "",
    "whatsapp": "",
    "endereco": "",
    "cidade": "",
    "estado": "",
    "cep": "",
    "facebook": "",
    "twitter": "",
    "instagram": "",
    "linkedin": "",
    "website": "",
    "idioma": "",
    "fuso_horario": "",
    "perfil_publico": true,
    "mostrar_email": true,
    "mostrar_telefone": false,
    "tipo": 3,
    "organizacao": 2,
    "groups": [],
    "user_permissions": []
  }
},
{
  "model": "accounts.user",
  "pk": 70,
  "fields": {
    "password": "",
    "last_login": null,
    "is_superuser": false,
    "username": "zpires",
    "first_name": "Pedro Miguel",
    "last_name": "Mendes",
    "email": "dnogueira@example.com",
    "is_staff": false,
    "is_active": true,
    "date_joined": "2025-06-23T00:08:35.838Z",
    "phone_number": null,
    "address": "",
    "birth_date": null,
    "cpf": "678.159.423-00",
    "avatar": "",
    "bio": "",
    "data_nascimento": null,
    "genero": "M",
    "telefone": "",
    "whatsapp": "",
    "endereco": "",
    "cidade": "",
    "estado": "",
    "cep": "",
    "facebook": "",
    "twitter": "",
    "instagram": "",
    "linkedin": "",
    "website": "",
    "idioma": "",
    "fuso_horario": "",
    "perfil_publico": true,
    "mostrar_email": true,
    "mostrar_telefone": false,
    "tipo": 3,
    "organizacao": 2,
    "groups": [],
    "user_permissions": []
  }
},
{
  "model": "accounts.user",
  "pk": 71,
  "fields": {
    "password": "",
    "last_login": null,
    "is_superuser": false,
    "username": "tduarte",
    "first_name": "Alice",
    "last_name": "Cardoso",
    "email": "aazevedo@example.org",
    "is_staff": false,
    "is_active": true,
    "date_joined": "2025-06-23T00:08:35.844Z",
    "phone_number": null,
    "address": "",
    "birth_date": null,
    "cpf": "629.547.031-99",
    "avatar": "",
    "bio": "",
    "data_nascimento": null,
    "genero": "F",
    "telefone": "",
    "whatsapp": "",
    "endereco": "",
    "cidade": "",
    "estado": "",
    "cep": "",
    "facebook": "",
    "twitter": "",
    "instagram": "",
    "linkedin": "",
    "website": "",
    "idioma": "",
    "fuso_horario": "",
    "perfil_publico": true,
    "mostrar_email": true,
    "mostrar_telefone": false,
    "tipo": 3,
    "organizacao": 3,
    "groups": [],
    "user_permissions": []
  }
},
{
  "model": "accounts.user",
  "pk": 72,
  "fields": {
    "password": "",
    "last_login": null,
    "is_superuser": false,
    "username": "davi-lucas19",
    "first_name": "Lara",
    "last_name": "Martins",
    "email": "joao-pedro11@example.com",
    "is_staff": false,
    "is_active": true,
    "date_joined": "2025-06-23T00:08:35.850Z",
    "phone_number": null,
    "address": "",
    "birth_date": null,
    "cpf": "513.427.906-34",
    "avatar": "",
    "bio": "",
    "data_nascimento": null,
    "genero": "M",
    "telefone": "",
    "whatsapp": "",
    "endereco": "",
    "cidade": "",
    "estado": "",
    "cep": "",
    "facebook": "",
    "twitter": "",
    "instagram": "",
    "linkedin": "",
    "website": "",
    "idioma": "",
    "fuso_horario": "",
    "perfil_publico": true,
    "mostrar_email": true,
    "mostrar_telefone": false,
    "tipo": 3,
    "organizacao": 3,
    "groups": [],
    "user_permissions": []
  }
},
{
  "model": "accounts.user",
  "pk": 73,
  "fields": {
    "password": "",
    "last_login": null,
    "is_superuser": false,
    "username": "azevedojoao-felipe",
    "first_name": "Vitor Gabriel",
    "last_name": "Silveira",
    "email": "barbosamirella@example.com",
    "is_staff": false,
    "is_active": true,
    "date_joined": "2025-06-23T00:08:35.856Z",
    "phone_number": null,
    "address": "",
    "birth_date": null,
    "cpf": "745.986.301-75",
    "avatar": "",
    "bio": "",
    "data_nascimento": null,
    "genero": "F",
    "telefone": "",
    "whatsapp": "",
    "endereco": "",
    "cidade": "",
    "estado": "",
    "cep": "",
    "facebook": "",
    "twitter": "",
    "instagram": "",
    "linkedin": "",
    "website": "",
    "idioma": "",
    "fuso_horario": "",
    "perfil_publico": true,
    "mostrar_email": true,
    "mostrar_telefone": false,
    "tipo": 3,
    "organizacao": 3,
    "groups": [],
    "user_permissions": []
  }
},
{
  "model": "accounts.user",
  "pk": 74,
  "fields": {
    "password": "",
    "last_login": null,
    "is_superuser": false,
    "username": "fogacaluiz-miguel",
    "first_name": "Luiz Gustavo",
    "last_name": "Silveira",
    "email": "pcunha@example.com",
    "is_staff": false,
    "is_active": true,
    "date_joined": "2025-06-23T00:08:35.862Z",
    "phone_number": null,
    "address": "",
    "birth_date": null,
    "cpf": "708.659.123-86",
    "avatar": "",
    "bio": "",
    "data_nascimento": null,
    "genero": "M",
    "telefone": "",
    "whatsapp": "",
    "endereco": "",
    "cidade": "",
    "estado": "",
    "cep": "",
    "facebook": "",
    "twitter": "",
    "instagram": "",
    "linkedin": "",
    "website": "",
    "idioma": "",
    "fuso_horario": "",
    "perfil_publico": true,
    "mostrar_email": true,
    "mostrar_telefone": false,
    "tipo": 3,
    "organizacao": 2,
    "groups": [],
    "user_permissions": []
  }
},
{
  "model": "accounts.user",
  "pk": 75,
  "fields": {
    "password": "",
    "last_login": null,
    "is_superuser": false,
    "username": "leticiafogaca",
    "first_name": "Ana Vitória",
    "last_name": "Cardoso",
    "email": "correiaclara@example.com",
    "is_staff": false,
    "is_active": true,
    "date_joined": "2025-06-23T00:08:35.868Z",
    "phone_number": null,
    "address": "",
    "birth_date": null,
    "cpf": "382.106.794-22",
    "avatar": "",
    "bio": "",
    "data_nascimento": null,
    "genero": "F",
    "telefone": "",
    "whatsapp": "",
    "endereco": "",
    "cidade": "",
    "estado": "",
    "cep": "",
    "facebook": "",
    "twitter": "",
    "instagram": "",
    "linkedin": "",
    "website": "",
    "idioma": "",
    "fuso_horario": "",
    "perfil_publico": true,
    "mostrar_email": true,
    "mostrar_telefone": false,
    "tipo": 3,
    "organizacao": 3,
    "groups": [],
    "user_permissions": []
  }
},
{
  "model": "accounts.user",
  "pk": 76,
  "fields": {
    "password": "",
    "last_login": null,
    "is_superuser": false,
    "username": "oribeiro",
    "first_name": "Sarah",
    "last_name": "Moreira",
    "email": "voliveira@example.net",
    "is_staff": false,
    "is_active": true,
    "date_joined": "2025-06-23T00:08:35.874Z",
    "phone_number": null,
    "address": "",
    "birth_date": null,
    "cpf": "192.870.346-13",
    "avatar": "",
    "bio": "",
    "data_nascimento": null,
    "genero": "M",
    "telefone": "",
    "whatsapp": "",
    "endereco": "",
    "cidade": "",
    "estado": "",
    "cep": "",
    "facebook": "",
    "twitter": "",
    "instagram": "",
    "linkedin": "",
    "website": "",
    "idioma": "",
    "fuso_horario": "",
    "perfil_publico": true,
    "mostrar_email": true,
    "mostrar_telefone": false,
    "tipo": 3,
    "organizacao": 3,
    "groups": [],
    "user_permissions": []
  }
},
{
  "model": "accounts.user",
  "pk": 77,
  "fields": {
    "password": "",
    "last_login": null,
    "is_superuser": false,
    "username": "arthur96",
    "first_name": "Calebe",
    "last_name": "Barbosa",
    "email": "cauesilveira@example.org",
    "is_staff": false,
    "is_active": true,
    "date_joined": "2025-06-23T00:08:35.882Z",
    "phone_number": null,
    "address": "",
    "birth_date": null,
    "cpf": "628.109.435-24",
    "avatar": "",
    "bio": "",
    "data_nascimento": null,
    "genero": "M",
    "telefone": "",
    "whatsapp": "",
    "endereco": "",
    "cidade": "",
    "estado": "",
    "cep": "",
    "facebook": "",
    "twitter": "",
    "instagram": "",
    "linkedin": "",
    "website": "",
    "idioma": "",
    "fuso_horario": "",
    "perfil_publico": true,
    "mostrar_email": true,
    "mostrar_telefone": false,
    "tipo": 3,
    "organizacao": 3,
    "groups": [],
    "user_permissions": []
  }
},
{
  "model": "accounts.user",
  "pk": 78,
  "fields": {
    "password": "",
    "last_login": null,
    "is_superuser": false,
    "username": "renancaldeira",
    "first_name": "Ana Clara",
    "last_name": "Barros",
    "email": "diasana-sophia@example.net",
    "is_staff": false,
    "is_active": true,
    "date_joined": "2025-06-23T00:08:35.889Z",
    "phone_number": null,
    "address": "",
    "birth_date": null,
    "cpf": "471.369.502-52",
    "avatar": "",
    "bio": "",
    "data_nascimento": null,
    "genero": "M",
    "telefone": "",
    "whatsapp": "",
    "endereco": "",
    "cidade": "",
    "estado": "",
    "cep": "",
    "facebook": "",
    "twitter": "",
    "instagram": "",
    "linkedin": "",
    "website": "",
    "idioma": "",
    "fuso_horario": "",
    "perfil_publico": true,
    "mostrar_email": true,
    "mostrar_telefone": false,
    "tipo": 3,
    "organizacao": 2,
    "groups": [],
    "user_permissions": []
  }
},
{
  "model": "accounts.user",
  "pk": 79,
  "fields": {
    "password": "",
    "last_login": null,
    "is_superuser": false,
    "username": "gustavo-henrique83",
    "first_name": "Manuela",
    "last_name": "Alves",
    "email": "pedro-lucasmartins@example.com",
    "is_staff": false,
    "is_active": true,
    "date_joined": "2025-06-23T00:08:35.895Z",
    "phone_number": null,
    "address": "",
    "birth_date": null,
    "cpf": "208.964.137-13",
    "avatar": "",
    "bio": "",
    "data_nascimento": null,
    "genero": "F",
    "telefone": "",
    "whatsapp": "",
    "endereco": "",
    "cidade": "",
    "estado": "",
    "cep": "",
    "facebook": "",
    "twitter": "",
    "instagram": "",
    "linkedin": "",
    "website": "",
    "idioma": "",
    "fuso_horario": "",
    "perfil_publico": true,
    "mostrar_email": true,
    "mostrar_telefone": false,
    "tipo": 3,
    "organizacao": 3,
    "groups": [],
    "user_permissions": []
  }
},
{
  "model": "accounts.user",
  "pk": 80,
  "fields": {
    "password": "",
    "last_login": null,
    "is_superuser": false,
    "username": "juliada-paz",
    "first_name": "Lara",
    "last_name": "Freitas",
    "email": "qalves@example.com",
    "is_staff": false,
    "is_active": true,
    "date_joined": "2025-06-23T00:08:35.901Z",
    "phone_number": null,
    "address": "",
    "birth_date": null,
    "cpf": "453.871.206-07",
    "avatar": "",
    "bio": "",
    "data_nascimento": null,
    "genero": "F",
    "telefone": "",
    "whatsapp": "",
    "endereco": "",
    "cidade": "",
    "estado": "",
    "cep": "",
    "facebook": "",
    "twitter": "",
    "instagram": "",
    "linkedin": "",
    "website": "",
    "idioma": "",
    "fuso_horario": "",
    "perfil_publico": true,
    "mostrar_email": true,
    "mostrar_telefone": false,
    "tipo": 3,
    "organizacao": 2,
    "groups": [],
    "user_permissions": []
  }
},
{
  "model": "accounts.user",
  "pk": 81,
  "fields": {
    "password": "",
    "last_login": null,
    "is_superuser": false,
    "username": "caue57",
    "first_name": "Natália",
    "last_name": "Freitas",
    "email": "vicentesantos@example.net",
    "is_staff": false,
    "is_active": true,
    "date_joined": "2025-06-23T00:08:35.908Z",
    "phone_number": null,
    "address": "",
    "birth_date": null,
    "cpf": "934.805.276-47",
    "avatar": "",
    "bio": "",
    "data_nascimento": null,
    "genero": "F",
    "telefone": "",
    "whatsapp": "",
    "endereco": "",
    "cidade": "",
    "estado": "",
    "cep": "",
    "facebook": "",
    "twitter": "",
    "instagram": "",
    "linkedin": "",
    "website": "",
    "idioma": "",
    "fuso_horario": "",
    "perfil_publico": true,
    "mostrar_email": true,
    "mostrar_telefone": false,
    "tipo": 3,
    "organizacao": 3,
    "groups": [],
    "user_permissions": []
  }
},
{
  "model": "accounts.user",
  "pk": 82,
  "fields": {
    "password": "",
    "last_login": null,
    "is_superuser": false,
    "username": "enrico69",
    "first_name": "Vitor Hugo",
    "last_name": "Costa",
    "email": "aragaolais@example.com",
    "is_staff": false,
    "is_active": true,
    "date_joined": "2025-06-23T00:08:35.916Z",
    "phone_number": null,
    "address": "",
    "birth_date": null,
    "cpf": "431.927.860-78",
    "avatar": "",
    "bio": "",
    "data_nascimento": null,
    "genero": "F",
    "telefone": "",
    "whatsapp": "",
    "endereco": "",
    "cidade": "",
    "estado": "",
    "cep": "",
    "facebook": "",
    "twitter": "",
    "instagram": "",
    "linkedin": "",
    "website": "",
    "idioma": "",
    "fuso_horario": "",
    "perfil_publico": true,
    "mostrar_email": true,
    "mostrar_telefone": false,
    "tipo": 3,
    "organizacao": 2,
    "groups": [],
    "user_permissions": []
  }
},
{
  "model": "accounts.user",
  "pk": 83,
  "fields": {
    "password": "",
    "last_login": null,
    "is_superuser": false,
    "username": "carvalhovinicius",
    "first_name": "Nina",
    "last_name": "da Mota",
    "email": "yaragao@example.org",
    "is_staff": false,
    "is_active": true,
    "date_joined": "2025-06-23T00:08:35.922Z",
    "phone_number": null,
    "address": "",
    "birth_date": null,
    "cpf": "490.263.758-83",
    "avatar": "",
    "bio": "",
    "data_nascimento": null,
    "genero": "M",
    "telefone": "",
    "whatsapp": "",
    "endereco": "",
    "cidade": "",
    "estado": "",
    "cep": "",
    "facebook": "",
    "twitter": "",
    "instagram": "",
    "linkedin": "",
    "website": "",
    "idioma": "",
    "fuso_horario": "",
    "perfil_publico": true,
    "mostrar_email": true,
    "mostrar_telefone": false,
    "tipo": 3,
    "organizacao": 3,
    "groups": [],
    "user_permissions": []
  }
},
{
  "model": "accounts.user",
  "pk": 84,
  "fields": {
    "password": "",
    "last_login": null,
    "is_superuser": false,
    "username": "castrojoao-vitor",
    "first_name": "Ana Sophia",
    "last_name": "Pires",
    "email": "viniciusda-cruz@example.com",
    "is_staff": false,
    "is_active": true,
    "date_joined": "2025-06-23T00:08:35.928Z",
    "phone_number": null,
    "address": "",
    "birth_date": null,
    "cpf": "870.245.136-08",
    "avatar": "",
    "bio": "",
    "data_nascimento": null,
    "genero": "F",
    "telefone": "",
    "whatsapp": "",
    "endereco": "",
    "cidade": "",
    "estado": "",
    "cep": "",
    "facebook": "",
    "twitter": "",
    "instagram": "",
    "linkedin": "",
    "website": "",
    "idioma": "",
    "fuso_horario": "",
    "perfil_publico": true,
    "mostrar_email": true,
    "mostrar_telefone": false,
    "tipo": 3,
    "organizacao": 2,
    "groups": [],
    "user_permissions": []
  }
},
{
  "model": "accounts.user",
  "pk": 85,
  "fields": {
    "password": "",
    "last_login": null,
    "is_superuser": false,
    "username": "pcarvalho",
    "first_name": "Maria Clara",
    "last_name": "da Mata",
    "email": "ycarvalho@example.net",
    "is_staff": false,
    "is_active": true,
    "date_joined": "2025-06-23T00:08:35.934Z",
    "phone_number": null,
    "address": "",
    "birth_date": null,
    "cpf": "504.978.632-00",
    "avatar": "",
    "bio": "",
    "data_nascimento": null,
    "genero": "M",
    "telefone": "",
    "whatsapp": "",
    "endereco": "",
    "cidade": "",
    "estado": "",
    "cep": "",
    "facebook": "",
    "twitter": "",
    "instagram": "",
    "linkedin": "",
    "website": "",
    "idioma": "",
    "fuso_horario": "",
    "perfil_publico": true,
    "mostrar_email": true,
    "mostrar_telefone": false,
    "tipo": 3,
    "organizacao": 3,
    "groups": [],
    "user_permissions": []
  }
},
{
  "model": "accounts.user",
  "pk": 86,
  "fields": {
    "password": "",
    "last_login": null,
    "is_superuser": false,
    "username": "fariascaue",
    "first_name": "João Felipe",
    "last_name": "Dias",
    "email": "joao-lucas92@example.com",
    "is_staff": false,
    "is_active": true,
    "date_joined": "2025-06-23T00:08:35.940Z",
    "phone_number": null,
    "address": "",
    "birth_date": null,
    "cpf": "308.524.179-50",
    "avatar": "",
    "bio": "",
    "data_nascimento": null,
    "genero": "F",
    "telefone": "",
    "whatsapp": "",
    "endereco": "",
    "cidade": "",
    "estado": "",
    "cep": "",
    "facebook": "",
    "twitter": "",
    "instagram": "",
    "linkedin": "",
    "website": "",
    "idioma": "",
    "fuso_horario": "",
    "perfil_publico": true,
    "mostrar_email": true,
    "mostrar_telefone": false,
    "tipo": 3,
    "organizacao": 3,
    "groups": [],
    "user_permissions": []
  }
},
{
  "model": "accounts.user",
  "pk": 87,
  "fields": {
    "password": "",
    "last_login": null,
    "is_superuser": false,
    "username": "qramos",
    "first_name": "Anthony",
    "last_name": "Pires",
    "email": "da-cunhajoana@example.org",
    "is_staff": false,
    "is_active": true,
    "date_joined": "2025-06-23T00:08:35.946Z",
    "phone_number": null,
    "address": "",
    "birth_date": null,
    "cpf": "783.461.590-48",
    "avatar": "",
    "bio": "",
    "data_nascimento": null,
    "genero": "F",
    "telefone": "",
    "whatsapp": "",
    "endereco": "",
    "cidade": "",
    "estado": "",
    "cep": "",
    "facebook": "",
    "twitter": "",
    "instagram": "",
    "linkedin": "",
    "website": "",
    "idioma": "",
    "fuso_horario": "",
    "perfil_publico": true,
    "mostrar_email": true,
    "mostrar_telefone": false,
    "tipo": 3,
    "organizacao": 3,
    "groups": [],
    "user_permissions": []
  }
},
{
  "model": "accounts.user",
  "pk": 88,
  "fields": {
    "password": "",
    "last_login": null,
    "is_superuser": false,
    "username": "bpeixoto",
    "first_name": "Erick",
    "last_name": "Pires",
    "email": "franciscocastro@example.com",
    "is_staff": false,
    "is_active": true,
    "date_joined": "2025-06-23T00:08:35.953Z",
    "phone_number": null,
    "address": "",
    "birth_date": null,
    "cpf": "710.456.238-90",
    "avatar": "",
    "bio": "",
    "data_nascimento": null,
    "genero": "M",
    "telefone": "",
    "whatsapp": "",
    "endereco": "",
    "cidade": "",
    "estado": "",
    "cep": "",
    "facebook": "",
    "twitter": "",
    "instagram": "",
    "linkedin": "",
    "website": "",
    "idioma": "",
    "fuso_horario": "",
    "perfil_publico": true,
    "mostrar_email": true,
    "mostrar_telefone": false,
    "tipo": 3,
    "organizacao": 3,
    "groups": [],
    "user_permissions": []
  }
},
{
  "model": "accounts.user",
  "pk": 89,
  "fields": {
    "password": "",
    "last_login": null,
    "is_superuser": false,
    "username": "kevin16",
    "first_name": "Fernando",
    "last_name": "Cunha",
    "email": "camila59@example.net",
    "is_staff": false,
    "is_active": true,
    "date_joined": "2025-06-23T00:08:35.961Z",
    "phone_number": null,
    "address": "",
    "birth_date": null,
    "cpf": "270.943.815-14",
    "avatar": "",
    "bio": "",
    "data_nascimento": null,
    "genero": "M",
    "telefone": "",
    "whatsapp": "",
    "endereco": "",
    "cidade": "",
    "estado": "",
    "cep": "",
    "facebook": "",
    "twitter": "",
    "instagram": "",
    "linkedin": "",
    "website": "",
    "idioma": "",
    "fuso_horario": "",
    "perfil_publico": true,
    "mostrar_email": true,
    "mostrar_telefone": false,
    "tipo": 3,
    "organizacao": 3,
    "groups": [],
    "user_permissions": []
  }
},
{
  "model": "accounts.user",
  "pk": 90,
  "fields": {
    "password": "",
    "last_login": null,
    "is_superuser": false,
    "username": "correialuna",
    "first_name": "Levi",
    "last_name": "da Rosa",
    "email": "pedro-henrique00@example.org",
    "is_staff": false,
    "is_active": true,
    "date_joined": "2025-06-23T00:08:35.968Z",
    "phone_number": null,
    "address": "",
    "birth_date": null,
    "cpf": "029.451.638-70",
    "avatar": "",
    "bio": "",
    "data_nascimento": null,
    "genero": "M",
    "telefone": "",
    "whatsapp": "",
    "endereco": "",
    "cidade": "",
    "estado": "",
    "cep": "",
    "facebook": "",
    "twitter": "",
    "instagram": "",
    "linkedin": "",
    "website": "",
    "idioma": "",
    "fuso_horario": "",
    "perfil_publico": true,
    "mostrar_email": true,
    "mostrar_telefone": false,
    "tipo": 3,
    "organizacao": 2,
    "groups": [],
    "user_permissions": []
  }
},
{
  "model": "accounts.user",
  "pk": 91,
  "fields": {
    "password": "",
    "last_login": null,
    "is_superuser": false,
    "username": "augusto62",
    "first_name": "João Guilherme",
    "last_name": "Sales",
    "email": "livia61@example.net",
    "is_staff": false,
    "is_active": true,
    "date_joined": "2025-06-23T00:08:35.973Z",
    "phone_number": null,
    "address": "",
    "birth_date": null,
    "cpf": "281.496.537-91",
    "avatar": "",
    "bio": "",
    "data_nascimento": null,
    "genero": "M",
    "telefone": "",
    "whatsapp": "",
    "endereco": "",
    "cidade": "",
    "estado": "",
    "cep": "",
    "facebook": "",
    "twitter": "",
    "instagram": "",
    "linkedin": "",
    "website": "",
    "idioma": "",
    "fuso_horario": "",
    "perfil_publico": true,
    "mostrar_email": true,
    "mostrar_telefone": false,
    "tipo": 3,
    "organizacao": 3,
    "groups": [],
    "user_permissions": []
  }
},
{
  "model": "accounts.user",
  "pk": 92,
  "fields": {
    "password": "",
    "last_login": null,
    "is_superuser": false,
    "username": "oda-luz",
    "first_name": "Nicole",
    "last_name": "da Rocha",
    "email": "davi-lucca20@example.com",
    "is_staff": false,
    "is_active": true,
    "date_joined": "2025-06-23T00:08:35.979Z",
    "phone_number": null,
    "address": "",
    "birth_date": null,
    "cpf": "782.406.193-04",
    "avatar": "",
    "bio": "",
    "data_nascimento": null,
    "genero": "F",
    "telefone": "",
    "whatsapp": "",
    "endereco": "",
    "cidade": "",
    "estado": "",
    "cep": "",
    "facebook": "",
    "twitter": "",
    "instagram": "",
    "linkedin": "",
    "website": "",
    "idioma": "",
    "fuso_horario": "",
    "perfil_publico": true,
    "mostrar_email": true,
    "mostrar_telefone": false,
    "tipo": 3,
    "organizacao": 3,
    "groups": [],
    "user_permissions": []
  }
},
{
  "model": "accounts.user",
  "pk": 93,
  "fields": {
    "password": "",
    "last_login": null,
    "is_superuser": false,
    "username": "enzo-gabrielda-costa",
    "first_name": "Gabriela",
    "last_name": "Alves",
    "email": "matheus22@example.org",
    "is_staff": false,
    "is_active": true,
    "date_joined": "2025-06-23T00:08:35.986Z",
    "phone_number": null,
    "address": "",
    "birth_date": null,
    "cpf": "341.956.720-07",
    "avatar": "",
    "bio": "",
    "data_nascimento": null,
    "genero": "M",
    "telefone": "",
    "whatsapp": "",
    "endereco": "",
    "cidade": "",
    "estado": "",
    "cep": "",
    "facebook": "",
    "twitter": "",
    "instagram": "",
    "linkedin": "",
    "website": "",
    "idioma": "",
    "fuso_horario": "",
    "perfil_publico": true,
    "mostrar_email": true,
    "mostrar_telefone": false,
    "tipo": 3,
    "organizacao": 2,
    "groups": [],
    "user_permissions": []
  }
},
{
  "model": "accounts.user",
  "pk": 94,
  "fields": {
    "password": "",
    "last_login": null,
    "is_superuser": false,
    "username": "melissa54",
    "first_name": "Luiz Felipe",
    "last_name": "Peixoto",
    "email": "arthur99@example.com",
    "is_staff": false,
    "is_active": true,
    "date_joined": "2025-06-23T00:08:35.992Z",
    "phone_number": null,
    "address": "",
    "birth_date": null,
    "cpf": "538.916.740-66",
    "avatar": "",
    "bio": "",
    "data_nascimento": null,
    "genero": "F",
    "telefone": "",
    "whatsapp": "",
    "endereco": "",
    "cidade": "",
    "estado": "",
    "cep": "",
    "facebook": "",
    "twitter": "",
    "instagram": "",
    "linkedin": "",
    "website": "",
    "idioma": "",
    "fuso_horario": "",
    "perfil_publico": true,
    "mostrar_email": true,
    "mostrar_telefone": false,
    "tipo": 3,
    "organizacao": 2,
    "groups": [],
    "user_permissions": []
  }
},
{
  "model": "accounts.user",
  "pk": 95,
  "fields": {
    "password": "",
    "last_login": null,
    "is_superuser": false,
    "username": "diogocorreia",
    "first_name": "Isaac",
    "last_name": "Rodrigues",
    "email": "esthernascimento@example.com",
    "is_staff": false,
    "is_active": true,
    "date_joined": "2025-06-23T00:08:35.998Z",
    "phone_number": null,
    "address": "",
    "birth_date": null,
    "cpf": "813.452.967-46",
    "avatar": "",
    "bio": "",
    "data_nascimento": null,
    "genero": "M",
    "telefone": "",
    "whatsapp": "",
    "endereco": "",
    "cidade": "",
    "estado": "",
    "cep": "",
    "facebook": "",
    "twitter": "",
    "instagram": "",
    "linkedin": "",
    "website": "",
    "idioma": "",
    "fuso_horario": "",
    "perfil_publico": true,
    "mostrar_email": true,
    "mostrar_telefone": false,
    "tipo": 3,
    "organizacao": 3,
    "groups": [],
    "user_permissions": []
  }
},
{
  "model": "accounts.user",
  "pk": 96,
  "fields": {
    "password": "",
    "last_login": null,
    "is_superuser": false,
    "username": "freitascaue",
    "first_name": "Alexandre",
    "last_name": "Castro",
    "email": "caldeirajoao-lucas@example.net",
    "is_staff": false,
    "is_active": true,
    "date_joined": "2025-06-23T00:08:36.004Z",
    "phone_number": null,
    "address": "",
    "birth_date": null,
    "cpf": "043.285.769-92",
    "avatar": "",
    "bio": "",
    "data_nascimento": null,
    "genero": "F",
    "telefone": "",
    "whatsapp": "",
    "endereco": "",
    "cidade": "",
    "estado": "",
    "cep": "",
    "facebook": "",
    "twitter": "",
    "instagram": "",
    "linkedin": "",
    "website": "",
    "idioma": "",
    "fuso_horario": "",
    "perfil_publico": true,
    "mostrar_email": true,
    "mostrar_telefone": false,
    "tipo": 3,
    "organizacao": 3,
    "groups": [],
    "user_permissions": []
  }
},
{
  "model": "accounts.user",
  "pk": 97,
  "fields": {
    "password": "",
    "last_login": null,
    "is_superuser": false,
    "username": "barbara61",
    "first_name": "Miguel",
    "last_name": "da Costa",
    "email": "emanuellaazevedo@example.net",
    "is_staff": false,
    "is_active": true,
    "date_joined": "2025-06-23T00:08:36.010Z",
    "phone_number": null,
    "address": "",
    "birth_date": null,
    "cpf": "347.168.295-37",
    "avatar": "",
    "bio": "",
    "data_nascimento": null,
    "genero": "F",
    "telefone": "",
    "whatsapp": "",
    "endereco": "",
    "cidade": "",
    "estado": "",
    "cep": "",
    "facebook": "",
    "twitter": "",
    "instagram": "",
    "linkedin": "",
    "website": "",
    "idioma": "",
    "fuso_horario": "",
    "perfil_publico": true,
    "mostrar_email": true,
    "mostrar_telefone": false,
    "tipo": 3,
    "organizacao": 3,
    "groups": [],
    "user_permissions": []
  }
},
{
  "model": "accounts.user",
  "pk": 98,
  "fields": {
    "password": "",
    "last_login": null,
    "is_superuser": false,
    "username": "lcardoso",
    "first_name": "Raquel",
    "last_name": "Araújo",
    "email": "nmoura@example.com",
    "is_staff": false,
    "is_active": true,
    "date_joined": "2025-06-23T00:08:36.015Z",
    "phone_number": null,
    "address": "",
    "birth_date": null,
    "cpf": "419.823.560-06",
    "avatar": "",
    "bio": "",
    "data_nascimento": null,
    "genero": "F",
    "telefone": "",
    "whatsapp": "",
    "endereco": "",
    "cidade": "",
    "estado": "",
    "cep": "",
    "facebook": "",
    "twitter": "",
    "instagram": "",
    "linkedin": "",
    "website": "",
    "idioma": "",
    "fuso_horario": "",
    "perfil_publico": true,
    "mostrar_email": true,
    "mostrar_telefone": false,
    "tipo": 3,
    "organizacao": 2,
    "groups": [],
    "user_permissions": []
  }
},
{
  "model": "accounts.user",
  "pk": 99,
  "fields": {
    "password": "",
    "last_login": null,
    "is_superuser": false,
    "username": "lunada-costa",
    "first_name": "Pedro Miguel",
    "last_name": "da Cunha",
    "email": "barbara15@example.net",
    "is_staff": false,
    "is_active": true,
    "date_joined": "2025-06-23T00:08:36.022Z",
    "phone_number": null,
    "address": "",
    "birth_date": null,
    "cpf": "783.201.496-22",
    "avatar": "",
    "bio": "",
    "data_nascimento": null,
    "genero": "F",
    "telefone": "",
    "whatsapp": "",
    "endereco": "",
    "cidade": "",
    "estado": "",
    "cep": "",
    "facebook": "",
    "twitter": "",
    "instagram": "",
    "linkedin": "",
    "website": "",
    "idioma": "",
    "fuso_horario": "",
    "perfil_publico": true,
    "mostrar_email": true,
    "mostrar_telefone": false,
    "tipo": 3,
    "organizacao": 2,
    "groups": [],
    "user_permissions": []
  }
},
{
  "model": "accounts.user",
  "pk": 100,
  "fields": {
    "password": "",
    "last_login": null,
    "is_superuser": false,
    "username": "yuri45",
    "first_name": "Marcos Vinicius",
    "last_name": "Caldeira",
    "email": "vieirayasmin@example.net",
    "is_staff": false,
    "is_active": true,
    "date_joined": "2025-06-23T00:08:36.027Z",
    "phone_number": null,
    "address": "",
    "birth_date": null,
    "cpf": "254.390.678-92",
    "avatar": "",
    "bio": "",
    "data_nascimento": null,
    "genero": "M",
    "telefone": "",
    "whatsapp": "",
    "endereco": "",
    "cidade": "",
    "estado": "",
    "cep": "",
    "facebook": "",
    "twitter": "",
    "instagram": "",
    "linkedin": "",
    "website": "",
    "idioma": "",
    "fuso_horario": "",
    "perfil_publico": true,
    "mostrar_email": true,
    "mostrar_telefone": false,
    "tipo": 3,
    "organizacao": 2,
    "groups": [],
    "user_permissions": []
  }
},
{
  "model": "accounts.user",
  "pk": 101,
  "fields": {
    "password": "",
    "last_login": null,
    "is_superuser": false,
    "username": "barbosabianca",
    "first_name": "Milena",
    "last_name": "da Rocha",
    "email": "eduarda94@example.org",
    "is_staff": false,
    "is_active": true,
    "date_joined": "2025-06-23T00:08:36.033Z",
    "phone_number": null,
    "address": "",
    "birth_date": null,
    "cpf": "085.271.369-02",
    "avatar": "",
    "bio": "",
    "data_nascimento": null,
    "genero": "M",
    "telefone": "",
    "whatsapp": "",
    "endereco": "",
    "cidade": "",
    "estado": "",
    "cep": "",
    "facebook": "",
    "twitter": "",
    "instagram": "",
    "linkedin": "",
    "website": "",
    "idioma": "",
    "fuso_horario": "",
    "perfil_publico": true,
    "mostrar_email": true,
    "mostrar_telefone": false,
    "tipo": 3,
    "organizacao": 3,
    "groups": [],
    "user_permissions": []
  }
},
{
  "model": "accounts.user",
  "pk": 102,
  "fields": {
    "password": "",
    "last_login": null,
    "is_superuser": false,
    "username": "rcorreia",
    "first_name": "Rafaela",
    "last_name": "Nogueira",
    "email": "otavio86@example.org",
    "is_staff": false,
    "is_active": true,
    "date_joined": "2025-06-23T00:08:36.039Z",
    "phone_number": null,
    "address": "",
    "birth_date": null,
    "cpf": "105.493.826-15",
    "avatar": "",
    "bio": "",
    "data_nascimento": null,
    "genero": "F",
    "telefone": "",
    "whatsapp": "",
    "endereco": "",
    "cidade": "",
    "estado": "",
    "cep": "",
    "facebook": "",
    "twitter": "",
    "instagram": "",
    "linkedin": "",
    "website": "",
    "idioma": "",
    "fuso_horario": "",
    "perfil_publico": true,
    "mostrar_email": true,
    "mostrar_telefone": false,
    "tipo": 3,
    "organizacao": 3,
    "groups": [],
    "user_permissions": []
  }
},
{
  "model": "accounts.user",
  "pk": 103,
  "fields": {
    "password": "",
    "last_login": null,
    "is_superuser": false,
    "username": "oliveiraalice",
    "first_name": "Noah",
    "last_name": "Ribeiro",
    "email": "yasmin34@example.org",
    "is_staff": false,
    "is_active": true,
    "date_joined": "2025-06-23T00:08:36.046Z",
    "phone_number": null,
    "address": "",
    "birth_date": null,
    "cpf": "804.931.675-01",
    "avatar": "",
    "bio": "",
    "data_nascimento": null,
    "genero": "M",
    "telefone": "",
    "whatsapp": "",
    "endereco": "",
    "cidade": "",
    "estado": "",
    "cep": "",
    "facebook": "",
    "twitter": "",
    "instagram": "",
    "linkedin": "",
    "website": "",
    "idioma": "",
    "fuso_horario": "",
    "perfil_publico": true,
    "mostrar_email": true,
    "mostrar_telefone": false,
    "tipo": 2,
    "organizacao": 2,
    "groups": [],
    "user_permissions": []
  }
},
{
  "model": "accounts.user",
  "pk": 104,
  "fields": {
    "password": "",
    "last_login": null,
    "is_superuser": false,
    "username": "heloisa83",
    "first_name": "Sophia",
    "last_name": "da Conceição",
    "email": "alvesmaria@example.com",
    "is_staff": false,
    "is_active": true,
    "date_joined": "2025-06-23T00:08:36.052Z",
    "phone_number": null,
    "address": "",
    "birth_date": null,
    "cpf": "591.803.647-48",
    "avatar": "",
    "bio": "",
    "data_nascimento": null,
    "genero": "M",
    "telefone": "",
    "whatsapp": "",
    "endereco": "",
    "cidade": "",
    "estado": "",
    "cep": "",
    "facebook": "",
    "twitter": "",
    "instagram": "",
    "linkedin": "",
    "website": "",
    "idioma": "",
    "fuso_horario": "",
    "perfil_publico": true,
    "mostrar_email": true,
    "mostrar_telefone": false,
    "tipo": 2,
    "organizacao": 3,
    "groups": [],
    "user_permissions": []
  }
},
{
  "model": "accounts.user",
  "pk": 105,
  "fields": {
    "password": "",
    "last_login": null,
    "is_superuser": false,
    "username": "barrosanthony",
    "first_name": "Marcelo",
    "last_name": "Ferreira",
    "email": "oliviabarros@example.com",
    "is_staff": false,
    "is_active": true,
    "date_joined": "2025-06-23T00:08:36.058Z",
    "phone_number": null,
    "address": "",
    "birth_date": null,
    "cpf": "874.350.619-48",
    "avatar": "",
    "bio": "",
    "data_nascimento": null,
    "genero": "F",
    "telefone": "",
    "whatsapp": "",
    "endereco": "",
    "cidade": "",
    "estado": "",
    "cep": "",
    "facebook": "",
    "twitter": "",
    "instagram": "",
    "linkedin": "",
    "website": "",
    "idioma": "",
    "fuso_horario": "",
    "perfil_publico": true,
    "mostrar_email": true,
    "mostrar_telefone": false,
    "tipo": 2,
    "organizacao": 3,
    "groups": [],
    "user_permissions": []
  }
},
{
  "model": "accounts.user",
  "pk": 106,
  "fields": {
    "password": "",
    "last_login": null,
    "is_superuser": false,
    "username": "rbarros",
    "first_name": "Fernanda",
    "last_name": "Costela",
    "email": "gfernandes@example.com",
    "is_staff": false,
    "is_active": true,
    "date_joined": "2025-06-23T00:08:36.064Z",
    "phone_number": null,
    "address": "",
    "birth_date": null,
    "cpf": "803.675.921-77",
    "avatar": "",
    "bio": "",
    "data_nascimento": null,
    "genero": "M",
    "telefone": "",
    "whatsapp": "",
    "endereco": "",
    "cidade": "",
    "estado": "",
    "cep": "",
    "facebook": "",
    "twitter": "",
    "instagram": "",
    "linkedin": "",
    "website": "",
    "idioma": "",
    "fuso_horario": "",
    "perfil_publico": true,
    "mostrar_email": true,
    "mostrar_telefone": false,
    "tipo": 2,
    "organizacao": 3,
    "groups": [],
    "user_permissions": []
  }
},
{
  "model": "accounts.user",
  "pk": 107,
  "fields": {
    "password": "",
    "last_login": null,
    "is_superuser": false,
    "username": "tmoraes",
    "first_name": "Bryan",
    "last_name": "Nogueira",
    "email": "diogojesus@example.net",
    "is_staff": false,
    "is_active": true,
    "date_joined": "2025-06-23T00:08:36.070Z",
    "phone_number": null,
    "address": "",
    "birth_date": null,
    "cpf": "523.871.946-91",
    "avatar": "",
    "bio": "",
    "data_nascimento": null,
    "genero": "M",
    "telefone": "",
    "whatsapp": "",
    "endereco": "",
    "cidade": "",
    "estado": "",
    "cep": "",
    "facebook": "",
    "twitter": "",
    "instagram": "",
    "linkedin": "",
    "website": "",
    "idioma": "",
    "fuso_horario": "",
    "perfil_publico": true,
    "mostrar_email": true,
    "mostrar_telefone": false,
    "tipo": 2,
    "organizacao": 3,
    "groups": [],
    "user_permissions": []
  }
},
{
  "model": "accounts.user",
  "pk": 108,
  "fields": {
    "password": "",
    "last_login": null,
    "is_superuser": false,
    "username": "rodriguesmaria-vitoria",
    "first_name": "Gustavo Henrique",
    "last_name": "Rezende",
    "email": "dda-rosa@example.com",
    "is_staff": false,
    "is_active": true,
    "date_joined": "2025-06-23T00:08:36.076Z",
    "phone_number": null,
    "address": "",
    "birth_date": null,
    "cpf": "294.360.581-60",
    "avatar": "",
    "bio": "",
    "data_nascimento": null,
    "genero": "M",
    "telefone": "",
    "whatsapp": "",
    "endereco": "",
    "cidade": "",
    "estado": "",
    "cep": "",
    "facebook": "",
    "twitter": "",
    "instagram": "",
    "linkedin": "",
    "website": "",
    "idioma": "",
    "fuso_horario": "",
    "perfil_publico": true,
    "mostrar_email": true,
    "mostrar_telefone": false,
    "tipo": 2,
    "organizacao": 3,
    "groups": [],
    "user_permissions": []
  }
},
{
  "model": "accounts.user",
  "pk": 109,
  "fields": {
    "password": "",
    "last_login": null,
    "is_superuser": false,
    "username": "meloisabel",
    "first_name": "Stephany",
    "last_name": "Oliveira",
    "email": "ymendes@example.com",
    "is_staff": false,
    "is_active": true,
    "date_joined": "2025-06-23T00:08:36.082Z",
    "phone_number": null,
    "address": "",
    "birth_date": null,
    "cpf": "439.265.701-99",
    "avatar": "",
    "bio": "",
    "data_nascimento": null,
    "genero": "M",
    "telefone": "",
    "whatsapp": "",
    "endereco": "",
    "cidade": "",
    "estado": "",
    "cep": "",
    "facebook": "",
    "twitter": "",
    "instagram": "",
    "linkedin": "",
    "website": "",
    "idioma": "",
    "fuso_horario": "",
    "perfil_publico": true,
    "mostrar_email": true,
    "mostrar_telefone": false,
    "tipo": 2,
    "organizacao": 2,
    "groups": [],
    "user_permissions": []
  }
},
{
  "model": "accounts.user",
  "pk": 110,
  "fields": {
    "password": "",
    "last_login": null,
    "is_superuser": false,
    "username": "franciscoda-luz",
    "first_name": "Julia",
    "last_name": "da Luz",
    "email": "wcastro@example.net",
    "is_staff": false,
    "is_active": true,
    "date_joined": "2025-06-23T00:08:36.088Z",
    "phone_number": null,
    "address": "",
    "birth_date": null,
    "cpf": "054.132.968-51",
    "avatar": "",
    "bio": "",
    "data_nascimento": null,
    "genero": "M",
    "telefone": "",
    "whatsapp": "",
    "endereco": "",
    "cidade": "",
    "estado": "",
    "cep": "",
    "facebook": "",
    "twitter": "",
    "instagram": "",
    "linkedin": "",
    "website": "",
    "idioma": "",
    "fuso_horario": "",
    "perfil_publico": true,
    "mostrar_email": true,
    "mostrar_telefone": false,
    "tipo": 2,
    "organizacao": 2,
    "groups": [],
    "user_permissions": []
  }
},
{
  "model": "accounts.user",
  "pk": 111,
  "fields": {
    "password": "",
    "last_login": null,
    "is_superuser": false,
    "username": "martinsbrenda",
    "first_name": "Sophie",
    "last_name": "Castro",
    "email": "gustavoaragao@example.com",
    "is_staff": false,
    "is_active": true,
    "date_joined": "2025-06-23T00:08:36.094Z",
    "phone_number": null,
    "address": "",
    "birth_date": null,
    "cpf": "715.924.038-32",
    "avatar": "",
    "bio": "",
    "data_nascimento": null,
    "genero": "M",
    "telefone": "",
    "whatsapp": "",
    "endereco": "",
    "cidade": "",
    "estado": "",
    "cep": "",
    "facebook": "",
    "twitter": "",
    "instagram": "",
    "linkedin": "",
    "website": "",
    "idioma": "",
    "fuso_horario": "",
    "perfil_publico": true,
    "mostrar_email": true,
    "mostrar_telefone": false,
    "tipo": 2,
    "organizacao": 2,
    "groups": [],
    "user_permissions": []
  }
},
{
  "model": "accounts.user",
  "pk": 112,
  "fields": {
    "password": "",
    "last_login": null,
    "is_superuser": false,
    "username": "matheus40",
    "first_name": "Yago",
    "last_name": "Silveira",
    "email": "kda-mata@example.com",
    "is_staff": false,
    "is_active": true,
    "date_joined": "2025-06-23T00:08:36.101Z",
    "phone_number": null,
    "address": "",
    "birth_date": null,
    "cpf": "835.964.701-10",
    "avatar": "",
    "bio": "",
    "data_nascimento": null,
    "genero": "M",
    "telefone": "",
    "whatsapp": "",
    "endereco": "",
    "cidade": "",
    "estado": "",
    "cep": "",
    "facebook": "",
    "twitter": "",
    "instagram": "",
    "linkedin": "",
    "website": "",
    "idioma": "",
    "fuso_horario": "",
    "perfil_publico": true,
    "mostrar_email": true,
    "mostrar_telefone": false,
    "tipo": 2,
    "organizacao": 3,
    "groups": [],
    "user_permissions": []
  }
},
{
  "model": "accounts.user",
  "pk": 113,
  "fields": {
    "password": "",
    "last_login": null,
    "is_superuser": false,
    "username": "henriquecaldeira",
    "first_name": "Carlos Eduardo",
    "last_name": "Farias",
    "email": "lorena97@example.org",
    "is_staff": true,
    "is_active": true,
    "date_joined": "2025-06-23T00:08:36.107Z",
    "phone_number": null,
    "address": "",
    "birth_date": null,
    "cpf": "802.145.973-50",
    "avatar": "",
    "bio": "",
    "data_nascimento": null,
    "genero": "F",
    "telefone": "",
    "whatsapp": "",
    "endereco": "",
    "cidade": "",
    "estado": "",
    "cep": "",
    "facebook": "",
    "twitter": "",
    "instagram": "",
    "linkedin": "",
    "website": "",
    "idioma": "",
    "fuso_horario": "",
    "perfil_publico": true,
    "mostrar_email": true,
    "mostrar_telefone": false,
    "tipo": 1,
    "organizacao": 2,
    "groups": [],
    "user_permissions": []
  }
},
{
  "model": "accounts.user",
  "pk": 114,
  "fields": {
    "password": "",
    "last_login": null,
    "is_superuser": false,
    "username": "jda-mota",
    "first_name": "Isis",
    "last_name": "Cavalcanti",
    "email": "caroline78@example.net",
    "is_staff": true,
    "is_active": true,
    "date_joined": "2025-06-23T00:08:36.113Z",
    "phone_number": null,
    "address": "",
    "birth_date": null,
    "cpf": "630.485.179-01",
    "avatar": "",
    "bio": "",
    "data_nascimento": null,
    "genero": "M",
    "telefone": "",
    "whatsapp": "",
    "endereco": "",
    "cidade": "",
    "estado": "",
    "cep": "",
    "facebook": "",
    "twitter": "",
    "instagram": "",
    "linkedin": "",
    "website": "",
    "idioma": "",
    "fuso_horario": "",
    "perfil_publico": true,
    "mostrar_email": true,
    "mostrar_telefone": false,
    "tipo": 1,
    "organizacao": 2,
    "groups": [],
    "user_permissions": []
  }
},
{
  "model": "accounts.user",
  "pk": 115,
  "fields": {
    "password": "",
    "last_login": null,
    "is_superuser": false,
    "username": "beatrizda-conceicao",
    "first_name": "Ana Clara",
    "last_name": "Peixoto",
    "email": "joao-pedroda-cunha@example.net",
    "is_staff": true,
    "is_active": true,
    "date_joined": "2025-06-23T00:08:36.119Z",
    "phone_number": null,
    "address": "",
    "birth_date": null,
    "cpf": "710.529.834-05",
    "avatar": "",
    "bio": "",
    "data_nascimento": null,
    "genero": "M",
    "telefone": "",
    "whatsapp": "",
    "endereco": "",
    "cidade": "",
    "estado": "",
    "cep": "",
    "facebook": "",
    "twitter": "",
    "instagram": "",
    "linkedin": "",
    "website": "",
    "idioma": "",
    "fuso_horario": "",
    "perfil_publico": true,
    "mostrar_email": true,
    "mostrar_telefone": false,
    "tipo": 1,
    "organizacao": 2,
    "groups": [],
    "user_permissions": []
  }
},
{
  "model": "accounts.user",
  "pk": 116,
  "fields": {
    "password": "",
    "last_login": null,
    "is_superuser": false,
    "username": "rodriguesdaniela",
    "first_name": "Breno",
    "last_name": "Rodrigues",
    "email": "gomesdavi-lucca@example.com",
    "is_staff": true,
    "is_active": true,
    "date_joined": "2025-06-23T00:08:36.125Z",
    "phone_number": null,
    "address": "",
    "birth_date": null,
    "cpf": "674.210.395-70",
    "avatar": "",
    "bio": "",
    "data_nascimento": null,
    "genero": "F",
    "telefone": "",
    "whatsapp": "",
    "endereco": "",
    "cidade": "",
    "estado": "",
    "cep": "",
    "facebook": "",
    "twitter": "",
    "instagram": "",
    "linkedin": "",
    "website": "",
    "idioma": "",
    "fuso_horario": "",
    "perfil_publico": true,
    "mostrar_email": true,
    "mostrar_telefone": false,
    "tipo": 1,
    "organizacao": 2,
    "groups": [],
    "user_permissions": []
  }
},
{
  "model": "accounts.user",
  "pk": 117,
  "fields": {
    "password": "",
    "last_login": null,
    "is_superuser": false,
    "username": "pnunes",
    "first_name": "João Pedro",
    "last_name": "Araújo",
    "email": "correiacaio@example.org",
    "is_staff": true,
    "is_active": true,
    "date_joined": "2025-06-23T00:08:36.132Z",
    "phone_number": null,
    "address": "",
    "birth_date": null,
    "cpf": "369.048.215-15",
    "avatar": "",
    "bio": "",
    "data_nascimento": null,
    "genero": "M",
    "telefone": "",
    "whatsapp": "",
    "endereco": "",
    "cidade": "",
    "estado": "",
    "cep": "",
    "facebook": "",
    "twitter": "",
    "instagram": "",
    "linkedin": "",
    "website": "",
    "idioma": "",
    "fuso_horario": "",
    "perfil_publico": true,
    "mostrar_email": true,
    "mostrar_telefone": false,
    "tipo": 1,
    "organizacao": 3,
    "groups": [],
    "user_permissions": []
  }
},
{
  "model": "accounts.notificationsettings",
  "pk": 2,
  "fields": {
    "user": 3,
    "email_conexoes": true,
    "email_mensagens": true,
    "email_eventos": true,
    "email_newsletter": true,
    "sistema_conexoes": true,
    "sistema_mensagens": true,
    "sistema_eventos": true,
    "sistema_comentarios": true
  }
},
{
  "model": "accounts.notificationsettings",
  "pk": 3,
  "fields": {
    "user": 4,
    "email_conexoes": true,
    "email_mensagens": true,
    "email_eventos": true,
    "email_newsletter": true,
    "sistema_conexoes": true,
    "sistema_mensagens": true,
    "sistema_eventos": true,
    "sistema_comentarios": true
  }
},
{
  "model": "accounts.notificationsettings",
  "pk": 4,
  "fields": {
    "user": 5,
    "email_conexoes": true,
    "email_mensagens": true,
    "email_eventos": true,
    "email_newsletter": true,
    "sistema_conexoes": true,
    "sistema_mensagens": true,
    "sistema_eventos": true,
    "sistema_comentarios": true
  }
},
{
  "model": "accounts.notificationsettings",
  "pk": 5,
  "fields": {
    "user": 6,
    "email_conexoes": true,
    "email_mensagens": true,
    "email_eventos": true,
    "email_newsletter": true,
    "sistema_conexoes": true,
    "sistema_mensagens": true,
    "sistema_eventos": true,
    "sistema_comentarios": true
  }
},
{
  "model": "accounts.notificationsettings",
  "pk": 6,
  "fields": {
    "user": 7,
    "email_conexoes": true,
    "email_mensagens": true,
    "email_eventos": true,
    "email_newsletter": true,
    "sistema_conexoes": true,
    "sistema_mensagens": true,
    "sistema_eventos": true,
    "sistema_comentarios": true
  }
},
{
  "model": "accounts.notificationsettings",
  "pk": 7,
  "fields": {
    "user": 8,
    "email_conexoes": true,
    "email_mensagens": true,
    "email_eventos": true,
    "email_newsletter": true,
    "sistema_conexoes": true,
    "sistema_mensagens": true,
    "sistema_eventos": true,
    "sistema_comentarios": true
  }
},
{
  "model": "accounts.notificationsettings",
  "pk": 8,
  "fields": {
    "user": 9,
    "email_conexoes": true,
    "email_mensagens": true,
    "email_eventos": true,
    "email_newsletter": true,
    "sistema_conexoes": true,
    "sistema_mensagens": true,
    "sistema_eventos": true,
    "sistema_comentarios": true
  }
},
{
  "model": "accounts.notificationsettings",
  "pk": 9,
  "fields": {
    "user": 10,
    "email_conexoes": true,
    "email_mensagens": true,
    "email_eventos": true,
    "email_newsletter": true,
    "sistema_conexoes": true,
    "sistema_mensagens": true,
    "sistema_eventos": true,
    "sistema_comentarios": true
  }
},
{
  "model": "accounts.notificationsettings",
  "pk": 10,
  "fields": {
    "user": 11,
    "email_conexoes": true,
    "email_mensagens": true,
    "email_eventos": true,
    "email_newsletter": true,
    "sistema_conexoes": true,
    "sistema_mensagens": true,
    "sistema_eventos": true,
    "sistema_comentarios": true
  }
},
{
  "model": "accounts.notificationsettings",
  "pk": 11,
  "fields": {
    "user": 12,
    "email_conexoes": true,
    "email_mensagens": true,
    "email_eventos": true,
    "email_newsletter": true,
    "sistema_conexoes": true,
    "sistema_mensagens": true,
    "sistema_eventos": true,
    "sistema_comentarios": true
  }
},
{
  "model": "accounts.notificationsettings",
  "pk": 12,
  "fields": {
    "user": 13,
    "email_conexoes": true,
    "email_mensagens": true,
    "email_eventos": true,
    "email_newsletter": true,
    "sistema_conexoes": true,
    "sistema_mensagens": true,
    "sistema_eventos": true,
    "sistema_comentarios": true
  }
},
{
  "model": "accounts.notificationsettings",
  "pk": 13,
  "fields": {
    "user": 14,
    "email_conexoes": true,
    "email_mensagens": true,
    "email_eventos": true,
    "email_newsletter": true,
    "sistema_conexoes": true,
    "sistema_mensagens": true,
    "sistema_eventos": true,
    "sistema_comentarios": true
  }
},
{
  "model": "accounts.notificationsettings",
  "pk": 14,
  "fields": {
    "user": 15,
    "email_conexoes": true,
    "email_mensagens": true,
    "email_eventos": true,
    "email_newsletter": true,
    "sistema_conexoes": true,
    "sistema_mensagens": true,
    "sistema_eventos": true,
    "sistema_comentarios": true
  }
},
{
  "model": "accounts.notificationsettings",
  "pk": 15,
  "fields": {
    "user": 16,
    "email_conexoes": true,
    "email_mensagens": true,
    "email_eventos": true,
    "email_newsletter": true,
    "sistema_conexoes": true,
    "sistema_mensagens": true,
    "sistema_eventos": true,
    "sistema_comentarios": true
  }
},
{
  "model": "accounts.notificationsettings",
  "pk": 16,
  "fields": {
    "user": 17,
    "email_conexoes": true,
    "email_mensagens": true,
    "email_eventos": true,
    "email_newsletter": true,
    "sistema_conexoes": true,
    "sistema_mensagens": true,
    "sistema_eventos": true,
    "sistema_comentarios": true
  }
},
{
  "model": "accounts.notificationsettings",
  "pk": 17,
  "fields": {
    "user": 18,
    "email_conexoes": true,
    "email_mensagens": true,
    "email_eventos": true,
    "email_newsletter": true,
    "sistema_conexoes": true,
    "sistema_mensagens": true,
    "sistema_eventos": true,
    "sistema_comentarios": true
  }
},
{
  "model": "accounts.notificationsettings",
  "pk": 18,
  "fields": {
    "user": 19,
    "email_conexoes": true,
    "email_mensagens": true,
    "email_eventos": true,
    "email_newsletter": true,
    "sistema_conexoes": true,
    "sistema_mensagens": true,
    "sistema_eventos": true,
    "sistema_comentarios": true
  }
},
{
  "model": "accounts.notificationsettings",
  "pk": 19,
  "fields": {
    "user": 20,
    "email_conexoes": true,
    "email_mensagens": true,
    "email_eventos": true,
    "email_newsletter": true,
    "sistema_conexoes": true,
    "sistema_mensagens": true,
    "sistema_eventos": true,
    "sistema_comentarios": true
  }
},
{
  "model": "accounts.notificationsettings",
  "pk": 20,
  "fields": {
    "user": 21,
    "email_conexoes": true,
    "email_mensagens": true,
    "email_eventos": true,
    "email_newsletter": true,
    "sistema_conexoes": true,
    "sistema_mensagens": true,
    "sistema_eventos": true,
    "sistema_comentarios": true
  }
},
{
  "model": "accounts.notificationsettings",
  "pk": 21,
  "fields": {
    "user": 22,
    "email_conexoes": true,
    "email_mensagens": true,
    "email_eventos": true,
    "email_newsletter": true,
    "sistema_conexoes": true,
    "sistema_mensagens": true,
    "sistema_eventos": true,
    "sistema_comentarios": true
  }
},
{
  "model": "accounts.notificationsettings",
  "pk": 22,
  "fields": {
    "user": 23,
    "email_conexoes": true,
    "email_mensagens": true,
    "email_eventos": true,
    "email_newsletter": true,
    "sistema_conexoes": true,
    "sistema_mensagens": true,
    "sistema_eventos": true,
    "sistema_comentarios": true
  }
},
{
  "model": "accounts.notificationsettings",
  "pk": 23,
  "fields": {
    "user": 24,
    "email_conexoes": true,
    "email_mensagens": true,
    "email_eventos": true,
    "email_newsletter": true,
    "sistema_conexoes": true,
    "sistema_mensagens": true,
    "sistema_eventos": true,
    "sistema_comentarios": true
  }
},
{
  "model": "accounts.notificationsettings",
  "pk": 24,
  "fields": {
    "user": 25,
    "email_conexoes": true,
    "email_mensagens": true,
    "email_eventos": true,
    "email_newsletter": true,
    "sistema_conexoes": true,
    "sistema_mensagens": true,
    "sistema_eventos": true,
    "sistema_comentarios": true
  }
},
{
  "model": "accounts.notificationsettings",
  "pk": 25,
  "fields": {
    "user": 26,
    "email_conexoes": true,
    "email_mensagens": true,
    "email_eventos": true,
    "email_newsletter": true,
    "sistema_conexoes": true,
    "sistema_mensagens": true,
    "sistema_eventos": true,
    "sistema_comentarios": true
  }
},
{
  "model": "accounts.notificationsettings",
  "pk": 26,
  "fields": {
    "user": 27,
    "email_conexoes": true,
    "email_mensagens": true,
    "email_eventos": true,
    "email_newsletter": true,
    "sistema_conexoes": true,
    "sistema_mensagens": true,
    "sistema_eventos": true,
    "sistema_comentarios": true
  }
},
{
  "model": "accounts.notificationsettings",
  "pk": 27,
  "fields": {
    "user": 28,
    "email_conexoes": true,
    "email_mensagens": true,
    "email_eventos": true,
    "email_newsletter": true,
    "sistema_conexoes": true,
    "sistema_mensagens": true,
    "sistema_eventos": true,
    "sistema_comentarios": true
  }
},
{
  "model": "accounts.notificationsettings",
  "pk": 28,
  "fields": {
    "user": 29,
    "email_conexoes": true,
    "email_mensagens": true,
    "email_eventos": true,
    "email_newsletter": true,
    "sistema_conexoes": true,
    "sistema_mensagens": true,
    "sistema_eventos": true,
    "sistema_comentarios": true
  }
},
{
  "model": "accounts.notificationsettings",
  "pk": 29,
  "fields": {
    "user": 30,
    "email_conexoes": true,
    "email_mensagens": true,
    "email_eventos": true,
    "email_newsletter": true,
    "sistema_conexoes": true,
    "sistema_mensagens": true,
    "sistema_eventos": true,
    "sistema_comentarios": true
  }
},
{
  "model": "accounts.notificationsettings",
  "pk": 30,
  "fields": {
    "user": 31,
    "email_conexoes": true,
    "email_mensagens": true,
    "email_eventos": true,
    "email_newsletter": true,
    "sistema_conexoes": true,
    "sistema_mensagens": true,
    "sistema_eventos": true,
    "sistema_comentarios": true
  }
},
{
  "model": "accounts.notificationsettings",
  "pk": 31,
  "fields": {
    "user": 32,
    "email_conexoes": true,
    "email_mensagens": true,
    "email_eventos": true,
    "email_newsletter": true,
    "sistema_conexoes": true,
    "sistema_mensagens": true,
    "sistema_eventos": true,
    "sistema_comentarios": true
  }
},
{
  "model": "accounts.notificationsettings",
  "pk": 32,
  "fields": {
    "user": 33,
    "email_conexoes": true,
    "email_mensagens": true,
    "email_eventos": true,
    "email_newsletter": true,
    "sistema_conexoes": true,
    "sistema_mensagens": true,
    "sistema_eventos": true,
    "sistema_comentarios": true
  }
},
{
  "model": "accounts.notificationsettings",
  "pk": 33,
  "fields": {
    "user": 34,
    "email_conexoes": true,
    "email_mensagens": true,
    "email_eventos": true,
    "email_newsletter": true,
    "sistema_conexoes": true,
    "sistema_mensagens": true,
    "sistema_eventos": true,
    "sistema_comentarios": true
  }
},
{
  "model": "accounts.notificationsettings",
  "pk": 34,
  "fields": {
    "user": 35,
    "email_conexoes": true,
    "email_mensagens": true,
    "email_eventos": true,
    "email_newsletter": true,
    "sistema_conexoes": true,
    "sistema_mensagens": true,
    "sistema_eventos": true,
    "sistema_comentarios": true
  }
},
{
  "model": "accounts.notificationsettings",
  "pk": 35,
  "fields": {
    "user": 36,
    "email_conexoes": true,
    "email_mensagens": true,
    "email_eventos": true,
    "email_newsletter": true,
    "sistema_conexoes": true,
    "sistema_mensagens": true,
    "sistema_eventos": true,
    "sistema_comentarios": true
  }
},
{
  "model": "accounts.notificationsettings",
  "pk": 36,
  "fields": {
    "user": 37,
    "email_conexoes": true,
    "email_mensagens": true,
    "email_eventos": true,
    "email_newsletter": true,
    "sistema_conexoes": true,
    "sistema_mensagens": true,
    "sistema_eventos": true,
    "sistema_comentarios": true
  }
},
{
  "model": "accounts.notificationsettings",
  "pk": 37,
  "fields": {
    "user": 38,
    "email_conexoes": true,
    "email_mensagens": true,
    "email_eventos": true,
    "email_newsletter": true,
    "sistema_conexoes": true,
    "sistema_mensagens": true,
    "sistema_eventos": true,
    "sistema_comentarios": true
  }
},
{
  "model": "accounts.notificationsettings",
  "pk": 38,
  "fields": {
    "user": 39,
    "email_conexoes": true,
    "email_mensagens": true,
    "email_eventos": true,
    "email_newsletter": true,
    "sistema_conexoes": true,
    "sistema_mensagens": true,
    "sistema_eventos": true,
    "sistema_comentarios": true
  }
},
{
  "model": "accounts.notificationsettings",
  "pk": 39,
  "fields": {
    "user": 40,
    "email_conexoes": true,
    "email_mensagens": true,
    "email_eventos": true,
    "email_newsletter": true,
    "sistema_conexoes": true,
    "sistema_mensagens": true,
    "sistema_eventos": true,
    "sistema_comentarios": true
  }
},
{
  "model": "accounts.notificationsettings",
  "pk": 40,
  "fields": {
    "user": 41,
    "email_conexoes": true,
    "email_mensagens": true,
    "email_eventos": true,
    "email_newsletter": true,
    "sistema_conexoes": true,
    "sistema_mensagens": true,
    "sistema_eventos": true,
    "sistema_comentarios": true
  }
},
{
  "model": "accounts.notificationsettings",
  "pk": 41,
  "fields": {
    "user": 42,
    "email_conexoes": true,
    "email_mensagens": true,
    "email_eventos": true,
    "email_newsletter": true,
    "sistema_conexoes": true,
    "sistema_mensagens": true,
    "sistema_eventos": true,
    "sistema_comentarios": true
  }
},
{
  "model": "accounts.notificationsettings",
  "pk": 42,
  "fields": {
    "user": 43,
    "email_conexoes": true,
    "email_mensagens": true,
    "email_eventos": true,
    "email_newsletter": true,
    "sistema_conexoes": true,
    "sistema_mensagens": true,
    "sistema_eventos": true,
    "sistema_comentarios": true
  }
},
{
  "model": "accounts.notificationsettings",
  "pk": 43,
  "fields": {
    "user": 44,
    "email_conexoes": true,
    "email_mensagens": true,
    "email_eventos": true,
    "email_newsletter": true,
    "sistema_conexoes": true,
    "sistema_mensagens": true,
    "sistema_eventos": true,
    "sistema_comentarios": true
  }
},
{
  "model": "accounts.notificationsettings",
  "pk": 44,
  "fields": {
    "user": 45,
    "email_conexoes": true,
    "email_mensagens": true,
    "email_eventos": true,
    "email_newsletter": true,
    "sistema_conexoes": true,
    "sistema_mensagens": true,
    "sistema_eventos": true,
    "sistema_comentarios": true
  }
},
{
  "model": "accounts.notificationsettings",
  "pk": 45,
  "fields": {
    "user": 46,
    "email_conexoes": true,
    "email_mensagens": true,
    "email_eventos": true,
    "email_newsletter": true,
    "sistema_conexoes": true,
    "sistema_mensagens": true,
    "sistema_eventos": true,
    "sistema_comentarios": true
  }
},
{
  "model": "accounts.notificationsettings",
  "pk": 46,
  "fields": {
    "user": 47,
    "email_conexoes": true,
    "email_mensagens": true,
    "email_eventos": true,
    "email_newsletter": true,
    "sistema_conexoes": true,
    "sistema_mensagens": true,
    "sistema_eventos": true,
    "sistema_comentarios": true
  }
},
{
  "model": "accounts.notificationsettings",
  "pk": 47,
  "fields": {
    "user": 48,
    "email_conexoes": true,
    "email_mensagens": true,
    "email_eventos": true,
    "email_newsletter": true,
    "sistema_conexoes": true,
    "sistema_mensagens": true,
    "sistema_eventos": true,
    "sistema_comentarios": true
  }
},
{
  "model": "accounts.notificationsettings",
  "pk": 48,
  "fields": {
    "user": 49,
    "email_conexoes": true,
    "email_mensagens": true,
    "email_eventos": true,
    "email_newsletter": true,
    "sistema_conexoes": true,
    "sistema_mensagens": true,
    "sistema_eventos": true,
    "sistema_comentarios": true
  }
},
{
  "model": "accounts.notificationsettings",
  "pk": 49,
  "fields": {
    "user": 50,
    "email_conexoes": true,
    "email_mensagens": true,
    "email_eventos": true,
    "email_newsletter": true,
    "sistema_conexoes": true,
    "sistema_mensagens": true,
    "sistema_eventos": true,
    "sistema_comentarios": true
  }
},
{
  "model": "accounts.notificationsettings",
  "pk": 50,
  "fields": {
    "user": 51,
    "email_conexoes": true,
    "email_mensagens": true,
    "email_eventos": true,
    "email_newsletter": true,
    "sistema_conexoes": true,
    "sistema_mensagens": true,
    "sistema_eventos": true,
    "sistema_comentarios": true
  }
},
{
  "model": "accounts.notificationsettings",
  "pk": 51,
  "fields": {
    "user": 52,
    "email_conexoes": true,
    "email_mensagens": true,
    "email_eventos": true,
    "email_newsletter": true,
    "sistema_conexoes": true,
    "sistema_mensagens": true,
    "sistema_eventos": true,
    "sistema_comentarios": true
  }
},
{
  "model": "accounts.notificationsettings",
  "pk": 52,
  "fields": {
    "user": 53,
    "email_conexoes": true,
    "email_mensagens": true,
    "email_eventos": true,
    "email_newsletter": true,
    "sistema_conexoes": true,
    "sistema_mensagens": true,
    "sistema_eventos": true,
    "sistema_comentarios": true
  }
},
{
  "model": "accounts.notificationsettings",
  "pk": 53,
  "fields": {
    "user": 54,
    "email_conexoes": true,
    "email_mensagens": true,
    "email_eventos": true,
    "email_newsletter": true,
    "sistema_conexoes": true,
    "sistema_mensagens": true,
    "sistema_eventos": true,
    "sistema_comentarios": true
  }
},
{
  "model": "accounts.notificationsettings",
  "pk": 54,
  "fields": {
    "user": 55,
    "email_conexoes": true,
    "email_mensagens": true,
    "email_eventos": true,
    "email_newsletter": true,
    "sistema_conexoes": true,
    "sistema_mensagens": true,
    "sistema_eventos": true,
    "sistema_comentarios": true
  }
},
{
  "model": "accounts.notificationsettings",
  "pk": 55,
  "fields": {
    "user": 56,
    "email_conexoes": true,
    "email_mensagens": true,
    "email_eventos": true,
    "email_newsletter": true,
    "sistema_conexoes": true,
    "sistema_mensagens": true,
    "sistema_eventos": true,
    "sistema_comentarios": true
  }
},
{
  "model": "accounts.notificationsettings",
  "pk": 56,
  "fields": {
    "user": 57,
    "email_conexoes": true,
    "email_mensagens": true,
    "email_eventos": true,
    "email_newsletter": true,
    "sistema_conexoes": true,
    "sistema_mensagens": true,
    "sistema_eventos": true,
    "sistema_comentarios": true
  }
},
{
  "model": "accounts.notificationsettings",
  "pk": 57,
  "fields": {
    "user": 58,
    "email_conexoes": true,
    "email_mensagens": true,
    "email_eventos": true,
    "email_newsletter": true,
    "sistema_conexoes": true,
    "sistema_mensagens": true,
    "sistema_eventos": true,
    "sistema_comentarios": true
  }
},
{
  "model": "accounts.notificationsettings",
  "pk": 58,
  "fields": {
    "user": 59,
    "email_conexoes": true,
    "email_mensagens": true,
    "email_eventos": true,
    "email_newsletter": true,
    "sistema_conexoes": true,
    "sistema_mensagens": true,
    "sistema_eventos": true,
    "sistema_comentarios": true
  }
},
{
  "model": "accounts.notificationsettings",
  "pk": 59,
  "fields": {
    "user": 60,
    "email_conexoes": true,
    "email_mensagens": true,
    "email_eventos": true,
    "email_newsletter": true,
    "sistema_conexoes": true,
    "sistema_mensagens": true,
    "sistema_eventos": true,
    "sistema_comentarios": true
  }
},
{
  "model": "accounts.notificationsettings",
  "pk": 60,
  "fields": {
    "user": 61,
    "email_conexoes": true,
    "email_mensagens": true,
    "email_eventos": true,
    "email_newsletter": true,
    "sistema_conexoes": true,
    "sistema_mensagens": true,
    "sistema_eventos": true,
    "sistema_comentarios": true
  }
},
{
  "model": "accounts.notificationsettings",
  "pk": 61,
  "fields": {
    "user": 62,
    "email_conexoes": true,
    "email_mensagens": true,
    "email_eventos": true,
    "email_newsletter": true,
    "sistema_conexoes": true,
    "sistema_mensagens": true,
    "sistema_eventos": true,
    "sistema_comentarios": true
  }
},
{
  "model": "accounts.notificationsettings",
  "pk": 62,
  "fields": {
    "user": 63,
    "email_conexoes": true,
    "email_mensagens": true,
    "email_eventos": true,
    "email_newsletter": true,
    "sistema_conexoes": true,
    "sistema_mensagens": true,
    "sistema_eventos": true,
    "sistema_comentarios": true
  }
},
{
  "model": "accounts.notificationsettings",
  "pk": 63,
  "fields": {
    "user": 64,
    "email_conexoes": true,
    "email_mensagens": true,
    "email_eventos": true,
    "email_newsletter": true,
    "sistema_conexoes": true,
    "sistema_mensagens": true,
    "sistema_eventos": true,
    "sistema_comentarios": true
  }
},
{
  "model": "accounts.notificationsettings",
  "pk": 64,
  "fields": {
    "user": 65,
    "email_conexoes": true,
    "email_mensagens": true,
    "email_eventos": true,
    "email_newsletter": true,
    "sistema_conexoes": true,
    "sistema_mensagens": true,
    "sistema_eventos": true,
    "sistema_comentarios": true
  }
},
{
  "model": "accounts.notificationsettings",
  "pk": 65,
  "fields": {
    "user": 66,
    "email_conexoes": true,
    "email_mensagens": true,
    "email_eventos": true,
    "email_newsletter": true,
    "sistema_conexoes": true,
    "sistema_mensagens": true,
    "sistema_eventos": true,
    "sistema_comentarios": true
  }
},
{
  "model": "accounts.notificationsettings",
  "pk": 66,
  "fields": {
    "user": 67,
    "email_conexoes": true,
    "email_mensagens": true,
    "email_eventos": true,
    "email_newsletter": true,
    "sistema_conexoes": true,
    "sistema_mensagens": true,
    "sistema_eventos": true,
    "sistema_comentarios": true
  }
},
{
  "model": "accounts.notificationsettings",
  "pk": 67,
  "fields": {
    "user": 68,
    "email_conexoes": true,
    "email_mensagens": true,
    "email_eventos": true,
    "email_newsletter": true,
    "sistema_conexoes": true,
    "sistema_mensagens": true,
    "sistema_eventos": true,
    "sistema_comentarios": true
  }
},
{
  "model": "accounts.notificationsettings",
  "pk": 68,
  "fields": {
    "user": 69,
    "email_conexoes": true,
    "email_mensagens": true,
    "email_eventos": true,
    "email_newsletter": true,
    "sistema_conexoes": true,
    "sistema_mensagens": true,
    "sistema_eventos": true,
    "sistema_comentarios": true
  }
},
{
  "model": "accounts.notificationsettings",
  "pk": 69,
  "fields": {
    "user": 70,
    "email_conexoes": true,
    "email_mensagens": true,
    "email_eventos": true,
    "email_newsletter": true,
    "sistema_conexoes": true,
    "sistema_mensagens": true,
    "sistema_eventos": true,
    "sistema_comentarios": true
  }
},
{
  "model": "accounts.notificationsettings",
  "pk": 70,
  "fields": {
    "user": 71,
    "email_conexoes": true,
    "email_mensagens": true,
    "email_eventos": true,
    "email_newsletter": true,
    "sistema_conexoes": true,
    "sistema_mensagens": true,
    "sistema_eventos": true,
    "sistema_comentarios": true
  }
},
{
  "model": "accounts.notificationsettings",
  "pk": 71,
  "fields": {
    "user": 72,
    "email_conexoes": true,
    "email_mensagens": true,
    "email_eventos": true,
    "email_newsletter": true,
    "sistema_conexoes": true,
    "sistema_mensagens": true,
    "sistema_eventos": true,
    "sistema_comentarios": true
  }
},
{
  "model": "accounts.notificationsettings",
  "pk": 72,
  "fields": {
    "user": 73,
    "email_conexoes": true,
    "email_mensagens": true,
    "email_eventos": true,
    "email_newsletter": true,
    "sistema_conexoes": true,
    "sistema_mensagens": true,
    "sistema_eventos": true,
    "sistema_comentarios": true
  }
},
{
  "model": "accounts.notificationsettings",
  "pk": 73,
  "fields": {
    "user": 74,
    "email_conexoes": true,
    "email_mensagens": true,
    "email_eventos": true,
    "email_newsletter": true,
    "sistema_conexoes": true,
    "sistema_mensagens": true,
    "sistema_eventos": true,
    "sistema_comentarios": true
  }
},
{
  "model": "accounts.notificationsettings",
  "pk": 74,
  "fields": {
    "user": 75,
    "email_conexoes": true,
    "email_mensagens": true,
    "email_eventos": true,
    "email_newsletter": true,
    "sistema_conexoes": true,
    "sistema_mensagens": true,
    "sistema_eventos": true,
    "sistema_comentarios": true
  }
},
{
  "model": "accounts.notificationsettings",
  "pk": 75,
  "fields": {
    "user": 76,
    "email_conexoes": true,
    "email_mensagens": true,
    "email_eventos": true,
    "email_newsletter": true,
    "sistema_conexoes": true,
    "sistema_mensagens": true,
    "sistema_eventos": true,
    "sistema_comentarios": true
  }
},
{
  "model": "accounts.notificationsettings",
  "pk": 76,
  "fields": {
    "user": 77,
    "email_conexoes": true,
    "email_mensagens": true,
    "email_eventos": true,
    "email_newsletter": true,
    "sistema_conexoes": true,
    "sistema_mensagens": true,
    "sistema_eventos": true,
    "sistema_comentarios": true
  }
},
{
  "model": "accounts.notificationsettings",
  "pk": 77,
  "fields": {
    "user": 78,
    "email_conexoes": true,
    "email_mensagens": true,
    "email_eventos": true,
    "email_newsletter": true,
    "sistema_conexoes": true,
    "sistema_mensagens": true,
    "sistema_eventos": true,
    "sistema_comentarios": true
  }
},
{
  "model": "accounts.notificationsettings",
  "pk": 78,
  "fields": {
    "user": 79,
    "email_conexoes": true,
    "email_mensagens": true,
    "email_eventos": true,
    "email_newsletter": true,
    "sistema_conexoes": true,
    "sistema_mensagens": true,
    "sistema_eventos": true,
    "sistema_comentarios": true
  }
},
{
  "model": "accounts.notificationsettings",
  "pk": 79,
  "fields": {
    "user": 80,
    "email_conexoes": true,
    "email_mensagens": true,
    "email_eventos": true,
    "email_newsletter": true,
    "sistema_conexoes": true,
    "sistema_mensagens": true,
    "sistema_eventos": true,
    "sistema_comentarios": true
  }
},
{
  "model": "accounts.notificationsettings",
  "pk": 80,
  "fields": {
    "user": 81,
    "email_conexoes": true,
    "email_mensagens": true,
    "email_eventos": true,
    "email_newsletter": true,
    "sistema_conexoes": true,
    "sistema_mensagens": true,
    "sistema_eventos": true,
    "sistema_comentarios": true
  }
},
{
  "model": "accounts.notificationsettings",
  "pk": 81,
  "fields": {
    "user": 82,
    "email_conexoes": true,
    "email_mensagens": true,
    "email_eventos": true,
    "email_newsletter": true,
    "sistema_conexoes": true,
    "sistema_mensagens": true,
    "sistema_eventos": true,
    "sistema_comentarios": true
  }
},
{
  "model": "accounts.notificationsettings",
  "pk": 82,
  "fields": {
    "user": 83,
    "email_conexoes": true,
    "email_mensagens": true,
    "email_eventos": true,
    "email_newsletter": true,
    "sistema_conexoes": true,
    "sistema_mensagens": true,
    "sistema_eventos": true,
    "sistema_comentarios": true
  }
},
{
  "model": "accounts.notificationsettings",
  "pk": 83,
  "fields": {
    "user": 84,
    "email_conexoes": true,
    "email_mensagens": true,
    "email_eventos": true,
    "email_newsletter": true,
    "sistema_conexoes": true,
    "sistema_mensagens": true,
    "sistema_eventos": true,
    "sistema_comentarios": true
  }
},
{
  "model": "accounts.notificationsettings",
  "pk": 84,
  "fields": {
    "user": 85,
    "email_conexoes": true,
    "email_mensagens": true,
    "email_eventos": true,
    "email_newsletter": true,
    "sistema_conexoes": true,
    "sistema_mensagens": true,
    "sistema_eventos": true,
    "sistema_comentarios": true
  }
},
{
  "model": "accounts.notificationsettings",
  "pk": 85,
  "fields": {
    "user": 86,
    "email_conexoes": true,
    "email_mensagens": true,
    "email_eventos": true,
    "email_newsletter": true,
    "sistema_conexoes": true,
    "sistema_mensagens": true,
    "sistema_eventos": true,
    "sistema_comentarios": true
  }
},
{
  "model": "accounts.notificationsettings",
  "pk": 86,
  "fields": {
    "user": 87,
    "email_conexoes": true,
    "email_mensagens": true,
    "email_eventos": true,
    "email_newsletter": true,
    "sistema_conexoes": true,
    "sistema_mensagens": true,
    "sistema_eventos": true,
    "sistema_comentarios": true
  }
},
{
  "model": "accounts.notificationsettings",
  "pk": 87,
  "fields": {
    "user": 88,
    "email_conexoes": true,
    "email_mensagens": true,
    "email_eventos": true,
    "email_newsletter": true,
    "sistema_conexoes": true,
    "sistema_mensagens": true,
    "sistema_eventos": true,
    "sistema_comentarios": true
  }
},
{
  "model": "accounts.notificationsettings",
  "pk": 88,
  "fields": {
    "user": 89,
    "email_conexoes": true,
    "email_mensagens": true,
    "email_eventos": true,
    "email_newsletter": true,
    "sistema_conexoes": true,
    "sistema_mensagens": true,
    "sistema_eventos": true,
    "sistema_comentarios": true
  }
},
{
  "model": "accounts.notificationsettings",
  "pk": 89,
  "fields": {
    "user": 90,
    "email_conexoes": true,
    "email_mensagens": true,
    "email_eventos": true,
    "email_newsletter": true,
    "sistema_conexoes": true,
    "sistema_mensagens": true,
    "sistema_eventos": true,
    "sistema_comentarios": true
  }
},
{
  "model": "accounts.notificationsettings",
  "pk": 90,
  "fields": {
    "user": 91,
    "email_conexoes": true,
    "email_mensagens": true,
    "email_eventos": true,
    "email_newsletter": true,
    "sistema_conexoes": true,
    "sistema_mensagens": true,
    "sistema_eventos": true,
    "sistema_comentarios": true
  }
},
{
  "model": "accounts.notificationsettings",
  "pk": 91,
  "fields": {
    "user": 92,
    "email_conexoes": true,
    "email_mensagens": true,
    "email_eventos": true,
    "email_newsletter": true,
    "sistema_conexoes": true,
    "sistema_mensagens": true,
    "sistema_eventos": true,
    "sistema_comentarios": true
  }
},
{
  "model": "accounts.notificationsettings",
  "pk": 92,
  "fields": {
    "user": 93,
    "email_conexoes": true,
    "email_mensagens": true,
    "email_eventos": true,
    "email_newsletter": true,
    "sistema_conexoes": true,
    "sistema_mensagens": true,
    "sistema_eventos": true,
    "sistema_comentarios": true
  }
},
{
  "model": "accounts.notificationsettings",
  "pk": 93,
  "fields": {
    "user": 94,
    "email_conexoes": true,
    "email_mensagens": true,
    "email_eventos": true,
    "email_newsletter": true,
    "sistema_conexoes": true,
    "sistema_mensagens": true,
    "sistema_eventos": true,
    "sistema_comentarios": true
  }
},
{
  "model": "accounts.notificationsettings",
  "pk": 94,
  "fields": {
    "user": 95,
    "email_conexoes": true,
    "email_mensagens": true,
    "email_eventos": true,
    "email_newsletter": true,
    "sistema_conexoes": true,
    "sistema_mensagens": true,
    "sistema_eventos": true,
    "sistema_comentarios": true
  }
},
{
  "model": "accounts.notificationsettings",
  "pk": 95,
  "fields": {
    "user": 96,
    "email_conexoes": true,
    "email_mensagens": true,
    "email_eventos": true,
    "email_newsletter": true,
    "sistema_conexoes": true,
    "sistema_mensagens": true,
    "sistema_eventos": true,
    "sistema_comentarios": true
  }
},
{
  "model": "accounts.notificationsettings",
  "pk": 96,
  "fields": {
    "user": 97,
    "email_conexoes": true,
    "email_mensagens": true,
    "email_eventos": true,
    "email_newsletter": true,
    "sistema_conexoes": true,
    "sistema_mensagens": true,
    "sistema_eventos": true,
    "sistema_comentarios": true
  }
},
{
  "model": "accounts.notificationsettings",
  "pk": 97,
  "fields": {
    "user": 98,
    "email_conexoes": true,
    "email_mensagens": true,
    "email_eventos": true,
    "email_newsletter": true,
    "sistema_conexoes": true,
    "sistema_mensagens": true,
    "sistema_eventos": true,
    "sistema_comentarios": true
  }
},
{
  "model": "accounts.notificationsettings",
  "pk": 98,
  "fields": {
    "user": 99,
    "email_conexoes": true,
    "email_mensagens": true,
    "email_eventos": true,
    "email_newsletter": true,
    "sistema_conexoes": true,
    "sistema_mensagens": true,
    "sistema_eventos": true,
    "sistema_comentarios": true
  }
},
{
  "model": "accounts.notificationsettings",
  "pk": 99,
  "fields": {
    "user": 100,
    "email_conexoes": true,
    "email_mensagens": true,
    "email_eventos": true,
    "email_newsletter": true,
    "sistema_conexoes": true,
    "sistema_mensagens": true,
    "sistema_eventos": true,
    "sistema_comentarios": true
  }
},
{
  "model": "accounts.notificationsettings",
  "pk": 100,
  "fields": {
    "user": 101,
    "email_conexoes": true,
    "email_mensagens": true,
    "email_eventos": true,
    "email_newsletter": true,
    "sistema_conexoes": true,
    "sistema_mensagens": true,
    "sistema_eventos": true,
    "sistema_comentarios": true
  }
},
{
  "model": "accounts.notificationsettings",
  "pk": 101,
  "fields": {
    "user": 102,
    "email_conexoes": true,
    "email_mensagens": true,
    "email_eventos": true,
    "email_newsletter": true,
    "sistema_conexoes": true,
    "sistema_mensagens": true,
    "sistema_eventos": true,
    "sistema_comentarios": true
  }
},
{
  "model": "accounts.notificationsettings",
  "pk": 102,
  "fields": {
    "user": 103,
    "email_conexoes": true,
    "email_mensagens": true,
    "email_eventos": true,
    "email_newsletter": true,
    "sistema_conexoes": true,
    "sistema_mensagens": true,
    "sistema_eventos": true,
    "sistema_comentarios": true
  }
},
{
  "model": "accounts.notificationsettings",
  "pk": 103,
  "fields": {
    "user": 104,
    "email_conexoes": true,
    "email_mensagens": true,
    "email_eventos": true,
    "email_newsletter": true,
    "sistema_conexoes": true,
    "sistema_mensagens": true,
    "sistema_eventos": true,
    "sistema_comentarios": true
  }
},
{
  "model": "accounts.notificationsettings",
  "pk": 104,
  "fields": {
    "user": 105,
    "email_conexoes": true,
    "email_mensagens": true,
    "email_eventos": true,
    "email_newsletter": true,
    "sistema_conexoes": true,
    "sistema_mensagens": true,
    "sistema_eventos": true,
    "sistema_comentarios": true
  }
},
{
  "model": "accounts.notificationsettings",
  "pk": 105,
  "fields": {
    "user": 106,
    "email_conexoes": true,
    "email_mensagens": true,
    "email_eventos": true,
    "email_newsletter": true,
    "sistema_conexoes": true,
    "sistema_mensagens": true,
    "sistema_eventos": true,
    "sistema_comentarios": true
  }
},
{
  "model": "accounts.notificationsettings",
  "pk": 106,
  "fields": {
    "user": 107,
    "email_conexoes": true,
    "email_mensagens": true,
    "email_eventos": true,
    "email_newsletter": true,
    "sistema_conexoes": true,
    "sistema_mensagens": true,
    "sistema_eventos": true,
    "sistema_comentarios": true
  }
},
{
  "model": "accounts.notificationsettings",
  "pk": 107,
  "fields": {
    "user": 108,
    "email_conexoes": true,
    "email_mensagens": true,
    "email_eventos": true,
    "email_newsletter": true,
    "sistema_conexoes": true,
    "sistema_mensagens": true,
    "sistema_eventos": true,
    "sistema_comentarios": true
  }
},
{
  "model": "accounts.notificationsettings",
  "pk": 108,
  "fields": {
    "user": 109,
    "email_conexoes": true,
    "email_mensagens": true,
    "email_eventos": true,
    "email_newsletter": true,
    "sistema_conexoes": true,
    "sistema_mensagens": true,
    "sistema_eventos": true,
    "sistema_comentarios": true
  }
},
{
  "model": "accounts.notificationsettings",
  "pk": 109,
  "fields": {
    "user": 110,
    "email_conexoes": true,
    "email_mensagens": true,
    "email_eventos": true,
    "email_newsletter": true,
    "sistema_conexoes": true,
    "sistema_mensagens": true,
    "sistema_eventos": true,
    "sistema_comentarios": true
  }
},
{
  "model": "accounts.notificationsettings",
  "pk": 110,
  "fields": {
    "user": 111,
    "email_conexoes": true,
    "email_mensagens": true,
    "email_eventos": true,
    "email_newsletter": true,
    "sistema_conexoes": true,
    "sistema_mensagens": true,
    "sistema_eventos": true,
    "sistema_comentarios": true
  }
},
{
  "model": "accounts.notificationsettings",
  "pk": 111,
  "fields": {
    "user": 112,
    "email_conexoes": true,
    "email_mensagens": true,
    "email_eventos": true,
    "email_newsletter": true,
    "sistema_conexoes": true,
    "sistema_mensagens": true,
    "sistema_eventos": true,
    "sistema_comentarios": true
  }
},
{
  "model": "accounts.notificationsettings",
  "pk": 112,
  "fields": {
    "user": 113,
    "email_conexoes": true,
    "email_mensagens": true,
    "email_eventos": true,
    "email_newsletter": true,
    "sistema_conexoes": true,
    "sistema_mensagens": true,
    "sistema_eventos": true,
    "sistema_comentarios": true
  }
},
{
  "model": "accounts.notificationsettings",
  "pk": 113,
  "fields": {
    "user": 114,
    "email_conexoes": true,
    "email_mensagens": true,
    "email_eventos": true,
    "email_newsletter": true,
    "sistema_conexoes": true,
    "sistema_mensagens": true,
    "sistema_eventos": true,
    "sistema_comentarios": true
  }
},
{
  "model": "accounts.notificationsettings",
  "pk": 114,
  "fields": {
    "user": 115,
    "email_conexoes": true,
    "email_mensagens": true,
    "email_eventos": true,
    "email_newsletter": true,
    "sistema_conexoes": true,
    "sistema_mensagens": true,
    "sistema_eventos": true,
    "sistema_comentarios": true
  }
},
{
  "model": "accounts.notificationsettings",
  "pk": 115,
  "fields": {
    "user": 116,
    "email_conexoes": true,
    "email_mensagens": true,
    "email_eventos": true,
    "email_newsletter": true,
    "sistema_conexoes": true,
    "sistema_mensagens": true,
    "sistema_eventos": true,
    "sistema_comentarios": true
  }
},
{
  "model": "accounts.notificationsettings",
  "pk": 116,
  "fields": {
    "user": 117,
    "email_conexoes": true,
    "email_mensagens": true,
    "email_eventos": true,
    "email_newsletter": true,
    "sistema_conexoes": true,
    "sistema_mensagens": true,
    "sistema_eventos": true,
    "sistema_comentarios": true
  }
},
{
  "model": "organizacoes.organizacao",
  "pk": 2,
  "fields": {
    "nome": "CDL Blumenau",
    "cnpj": "87.640.225/0001-55",
    "descricao": "",
    "logo": ""
  }
},
{
  "model": "organizacoes.organizacao",
  "pk": 3,
  "fields": {
    "nome": "CDL Balneário Camburiú",
    "cnpj": "21.819.123/0001-65",
    "descricao": "",
    "logo": ""
  }
},
{
  "model": "nucleos.nucleo",
  "pk": 1,
  "fields": {
    "organizacao": 2,
    "nome": "Matrix Best-Of-Breed Communities",
    "descricao": "",
    "avatar": "",
    "data_criacao": "2025-06-22",
    "membros": [
      41,
      49,
      93,
      103,
      115
    ]
  }
},
{
  "model": "nucleos.nucleo",
  "pk": 2,
  "fields": {
    "organizacao": 2,
    "nome": "CDL Mulher",
    "descricao": "",
    "avatar": "",
    "data_criacao": "2025-06-22",
    "membros": [
      5,
      12,
      14,
      19,
      20,
      23,
      24,
      25,
      28,
      33,
      36,
      38,
      43,
      44,
      45,
      46,
      47,
      50,
      54,
      56,
      57,
      60,
      67,
      69,
      80,
      82,
      84,
      94,
      98,
      99,
      109
    ]
  }
},
{
  "model": "nucleos.nucleo",
  "pk": 3,
  "fields": {
    "organizacao": 2,
    "nome": "Exploit Integrated Supply-Chains",
    "descricao": "",
    "avatar": "",
    "data_criacao": "2025-06-22",
    "membros": [
      74,
      110,
      116
    ]
  }
},
{
  "model": "nucleos.nucleo",
  "pk": 4,
  "fields": {
    "organizacao": 2,
    "nome": "Maximize Ubiquitous Interfaces",
    "descricao": "",
    "avatar": "",
    "data_criacao": "2025-06-22",
    "membros": [
      111
    ]
  }
},
{
  "model": "nucleos.nucleo",
  "pk": 5,
  "fields": {
    "organizacao": 2,
    "nome": "Deliver Turn-Key Infrastructures",
    "descricao": "",
    "avatar": "",
    "data_criacao": "2025-06-22",
    "membros": [
      113,
      114
    ]
  }
},
{
  "model": "nucleos.nucleo",
  "pk": 6,
  "fields": {
    "organizacao": 2,
    "nome": "Matrix Scalable Models",
    "descricao": "",
    "avatar": "",
    "data_criacao": "2025-06-22",
    "membros": [
      4,
      10
    ]
  }
},
{
  "model": "nucleos.nucleo",
  "pk": 7,
  "fields": {
    "organizacao": 2,
    "nome": "Productize Intuitive Info-Mediaries",
    "descricao": "",
    "avatar": "",
    "data_criacao": "2025-06-22",
    "membros": [
      16,
      32,
      62,
      70,
      78,
      100
    ]
  }
},
{
  "model": "nucleos.nucleo",
  "pk": 8,
  "fields": {
    "organizacao": 2,
    "nome": "Innovate Seamless Synergies",
    "descricao": "",
    "avatar": "",
    "data_criacao": "2025-06-22",
    "membros": [
      7,
      35,
      90
    ]
  }
},
{
  "model": "nucleos.nucleo",
  "pk": 9,
  "fields": {
    "organizacao": 2,
    "nome": "Harness Rich Synergies",
    "descricao": "",
    "avatar": "",
    "data_criacao": "2025-06-22",
    "membros": []
  }
},
{
  "model": "nucleos.nucleo",
  "pk": 10,
  "fields": {
    "organizacao": 2,
    "nome": "CDL Jovem",
    "descricao": "",
    "avatar": "",
    "data_criacao": "2025-06-22",
    "membros": [
      11
    ]
  }
},
{
  "model": "nucleos.nucleo",
  "pk": 11,
  "fields": {
    "organizacao": 3,
    "nome": "Redefine Cutting-Edge Synergies",
    "descricao": "",
    "avatar": "",
    "data_criacao": "2025-06-22",
    "membros": [
      3,
      8,
      9,
      18,
      21,
      27,
      77,
      104
    ]
  }
},
{
  "model": "nucleos.nucleo",
  "pk": 12,
  "fields": {
    "organizacao": 3,
    "nome": "Aggregate Innovative Metrics",
    "descricao": "",
    "avatar": "",
    "data_criacao": "2025-06-22",
    "membros": [
      34,
      65,
      76,
      91,
      105
    ]
  }
},
{
  "model": "nucleos.nucleo",
  "pk": 13,
  "fields": {
    "organizacao": 3,
    "nome": "CDL Jovem",
    "descricao": "",
    "avatar": "",
    "data_criacao": "2025-06-22",
    "membros": [
      106
    ]
  }
},
{
  "model": "nucleos.nucleo",
  "pk": 14,
  "fields": {
    "organizacao": 3,
    "nome": "CDL Mulher",
    "descricao": "",
    "avatar": "",
    "data_criacao": "2025-06-22",
    "membros": [
      6,
      22,
      30,
      37,
      39,
      40,
      48,
      51,
      52,
      53,
      58,
      61,
      64,
      66,
      68,
      71,
      72,
      73,
      75,
      79,
      81,
      86,
      87,
      92,
      96,
      97,
      102,
      107
    ]
  }
},
{
  "model": "nucleos.nucleo",
  "pk": 15,
  "fields": {
    "organizacao": 3,
    "nome": "Engineer End-To-End E-Services",
    "descricao": "",
    "avatar": "",
    "data_criacao": "2025-06-22",
    "membros": [
      31,
      55,
      108
    ]
  }
},
{
  "model": "nucleos.nucleo",
  "pk": 16,
  "fields": {
    "organizacao": 3,
    "nome": "Benchmark Impactful Architectures",
    "descricao": "",
    "avatar": "",
    "data_criacao": "2025-06-22",
    "membros": [
      15,
      17,
      63,
      112,
      117
    ]
  }
},
{
  "model": "nucleos.nucleo",
  "pk": 17,
  "fields": {
    "organizacao": 3,
    "nome": "Disintermediate Mission-Critical Partnerships",
    "descricao": "",
    "avatar": "",
    "data_criacao": "2025-06-22",
    "membros": [
      13,
      59
    ]
  }
},
{
  "model": "nucleos.nucleo",
  "pk": 18,
  "fields": {
    "organizacao": 3,
    "nome": "Evolve B2B Convergence",
    "descricao": "",
    "avatar": "",
    "data_criacao": "2025-06-22",
    "membros": [
      26,
      83,
      95
    ]
  }
},
{
  "model": "nucleos.nucleo",
  "pk": 19,
  "fields": {
    "organizacao": 3,
    "nome": "Generate Collaborative Applications",
    "descricao": "",
    "avatar": "",
    "data_criacao": "2025-06-22",
    "membros": [
      42,
      85,
      101
    ]
  }
},
{
  "model": "nucleos.nucleo",
  "pk": 20,
  "fields": {
    "organizacao": 3,
    "nome": "Transition Open-Source Systems",
    "descricao": "",
    "avatar": "",
    "data_criacao": "2025-06-22",
    "membros": [
      29,
      88,
      89
    ]
  }
},
{
  "model": "eventos.evento",
  "pk": 1,
  "fields": {
    "organizacao": 2,
    "titulo": "A segurança de conseguir simplesmente",
    "descricao": "Fugiat necessitatibus nam repellendus officia debitis.\nQuibusdam dolore eum. Eveniet placeat exercitationem atque. Modi esse unde odit a rem.",
    "data_hora": "2025-06-28T23:08:36.835Z",
    "duracao": "01:00:00",
    "link_inscricao": "https://costa.net/",
    "briefing": "Optio praesentium ad modi culpa nobis. A minima inventore tenetur culpa doloribus.\nPerspiciatis totam earum culpa hic voluptatibus. Harum minima voluptas aspernatur iste dolorem.\nNon eius sit eius.",
    "inscritos": [
      23,
      27,
      46,
      53,
      95
    ]
  }
},
{
  "model": "eventos.evento",
  "pk": 2,
  "fields": {
    "organizacao": 2,
    "titulo": "A liberdade de mudar em estado puro",
    "descricao": "Delectus maiores accusamus natus. Ea quas sequi maiores doloribus molestias odio.\nEarum suscipit optio delectus quibusdam recusandae aut atque. Maiores ex et magni molestias accusamus.",
    "data_hora": "2025-07-19T21:08:36.845Z",
    "duracao": "01:00:00",
    "link_inscricao": "https://www.barros.com/",
    "briefing": "Ex repellat molestiae. Amet deserunt aliquid blanditiis quod. Aliquam quia mollitia minima aut qui magni.",
    "inscritos": [
      11,
      43,
      44,
      50,
      85
    ]
  }
},
{
  "model": "eventos.evento",
  "pk": 3,
  "fields": {
    "organizacao": 2,
    "titulo": "A simplicidade de atingir seus objetivos mais rapidamente",
    "descricao": "Cupiditate pariatur ut saepe nesciunt inventore dolorum. Fugiat magnam unde. Fugit porro beatae magni.\nCorporis ex quo mollitia blanditiis ullam. Nobis tempora vel eius. Maxime illo quod provident.",
    "data_hora": "2025-07-23T04:08:36.853Z",
    "duracao": "01:00:00",
    "link_inscricao": "https://www.carvalho.com/",
    "briefing": "Facere modi soluta qui officiis. Error saepe ullam pariatur. Sapiente atque ipsa sequi provident dolor consequatur reprehenderit. Aliquid id quisquam facilis impedit rerum.",
    "inscritos": [
      49,
      69,
      71,
      93,
      101
    ]
  }
},
{
  "model": "eventos.evento",
  "pk": 4,
  "fields": {
    "organizacao": 2,
    "titulo": "O conforto de ganhar de maneira eficaz",
    "descricao": "Corrupti provident ullam enim quam accusantium cumque. Libero impedit explicabo cum suscipit maiores. Totam eum perspiciatis eius. Enim aperiam deserunt eum laboriosam molestiae aut.",
    "data_hora": "2025-07-04T09:08:36.861Z",
    "duracao": "03:00:00",
    "link_inscricao": "https://www.duarte.com/",
    "briefing": "Sed excepturi architecto sunt officia sit. Voluptas aut neque maxime numquam beatae dolore quisquam. Asperiores ab non et odit neque. Numquam quisquam provident laudantium ipsam sapiente.",
    "inscritos": [
      10,
      11,
      23,
      47,
      58
    ]
  }
},
{
  "model": "eventos.evento",
  "pk": 5,
  "fields": {
    "organizacao": 2,
    "titulo": "O conforto de mudar mais facilmente",
    "descricao": "Quos incidunt a dignissimos. Aliquam quasi modi atque a dignissimos.\nMolestiae laborum dignissimos dicta ducimus repellat. Quia doloremque voluptatum omnis illo.",
    "data_hora": "2025-07-19T09:08:36.870Z",
    "duracao": "02:00:00",
    "link_inscricao": "http://castro.net/",
    "briefing": "Quibusdam consectetur vel veritatis fugiat. Aut consequuntur iure. Recusandae optio ab excepturi fugiat consequatur maiores.",
    "inscritos": [
      38,
      39,
      67,
      100,
      101
    ]
  }
},
{
  "model": "eventos.evento",
  "pk": 6,
  "fields": {
    "organizacao": 3,
    "titulo": "A liberdade de ganhar naturalmente",
    "descricao": "Dolorum culpa tenetur quis aliquid. Vero cupiditate maxime consequatur repellat.\nIusto quas quis eaque iste ratione error. Modi vero doloremque iusto fugiat modi dolore cumque.",
    "data_hora": "2025-07-15T03:08:36.879Z",
    "duracao": "01:00:00",
    "link_inscricao": "http://www.novaes.org/",
    "briefing": "Explicabo facilis iure perferendis a. Quidem libero dicta.\nInventore magni quam ipsa consequuntur velit. Nobis eligendi enim voluptates vel assumenda.",
    "inscritos": [
      40,
      54,
      56,
      60,
      64
    ]
  }
},
{
  "model": "eventos.evento",
  "pk": 7,
  "fields": {
    "organizacao": 3,
    "titulo": "O direito de avançar direto da fonte",
    "descricao": "Odio laudantium et. Nesciunt alias sed quam enim.\nExpedita officia illum beatae. Rem maxime enim nulla.",
    "data_hora": "2025-06-27T06:08:36.887Z",
    "duracao": "02:00:00",
    "link_inscricao": "http://santos.org/",
    "briefing": "Alias eum voluptate praesentium repellat a minima. Fuga voluptas odit minima ut.\nMagnam maxime praesentium.",
    "inscritos": [
      36,
      40,
      63,
      79,
      80
    ]
  }
},
{
  "model": "eventos.evento",
  "pk": 8,
  "fields": {
    "organizacao": 3,
    "titulo": "A segurança de concretizar seus projetos mais rapidamente",
    "descricao": "Provident sequi itaque error qui praesentium sequi. Odio rem vel illo aliquam vitae sunt. Sunt iusto animi inventore dolores facere vitae.\nMinima adipisci harum doloribus porro dolorum cumque.",
    "data_hora": "2025-07-04T06:08:36.895Z",
    "duracao": "01:00:00",
    "link_inscricao": "https://nogueira.org/",
    "briefing": "Quis dolor quae est pariatur neque. Pariatur accusantium enim repellat exercitationem. Reiciendis deleniti accusamus quidem recusandae. Explicabo porro tempore repellendus vel.",
    "inscritos": [
      53,
      68,
      73,
      86,
      100
    ]
  }
},
{
  "model": "eventos.evento",
  "pk": 9,
  "fields": {
    "organizacao": 3,
    "titulo": "A possibilidade de avançar mais facilmente",
    "descricao": "Distinctio culpa ut vero vero. Magnam officiis officia corporis.\nIpsam optio molestiae dolorum cum distinctio velit. Dolor enim id numquam.",
    "data_hora": "2025-07-09T14:08:36.904Z",
    "duracao": "03:00:00",
    "link_inscricao": "http://viana.br/",
    "briefing": "Voluptas dicta error harum ullam.\nConsequuntur architecto id officiis fugiat. Qui minima tempora beatae fugiat. Accusantium perspiciatis et quia ex illum rerum.",
    "inscritos": [
      7,
      14,
      65,
      75,
      78
    ]
  }
},
{
  "model": "eventos.evento",
  "pk": 10,
  "fields": {
    "organizacao": 3,
    "titulo": "A possibilidade de avançar em estado puro",
    "descricao": "Qui soluta nostrum officiis veritatis. Fuga facere reprehenderit numquam esse quaerat. Sint voluptatem consectetur id cumque cum repellendus. Dolorum at laudantium.",
    "data_hora": "2025-07-15T08:08:36.913Z",
    "duracao": "03:00:00",
    "link_inscricao": "http://www.rodrigues.net/",
    "briefing": "Quaerat facere repudiandae architecto eveniet dolore alias.\nNostrum possimus ex laborum illum sunt ea. Minima laboriosam non occaecati ipsum. Cumque architecto illum maiores expedita velit.",
    "inscritos": [
      24,
      36,
      67,
      69,
      83
    ]
  }
}
]
